Dist_since_last_Home,Time_of_Arrival_Home,Time_of_Departure_Home
48.7,13:45,16:00
46,17:15,12:15
10,13:45,13:00
55,14:15,15:45
55,17:15,23:00
6,13:30,15:30
6,15:45,11:00
108,20:00,12:45
10,13:45,11:30
17,13:45,14:30
12,15:45,16:00
10,19:15,23:00
8,10:45,03:00
8,10:45,03:00
8,10:45,03:00
8,10:45,03:00
8,10:45,23:00
15.4,17:30,07:00
28,17:30,07:00
34.4,17:15,07:00
40,16:15,07:00
28,15:30,23:00
8.4,16:45,17:00
6,18:00,06:30
84,16:00,07:15
8.4,16:45,17:30
14,18:00,21:00
14,21:30,06:30
84,14:15,07:15
8.4,16:45,23:00
4.6,09:45,10:32
1,12:45,14:45
11.1,15:00,05:15
29,15:30,05:15
29,14:45,05:00
29,14:45,05:30
29,14:45,05:00
29,14:15,23:00
49.1,18:00,07:15
43.2,13:00,07:15
39.2,13:00,06:47
38.8,13:00,06:45
38.8,13:00,23:00
3.6,08:15,07:00
3.2,08:30,10:00
62,13:45,07:30
28,15:30,11:45
3.6,12:30,07:30
14,08:15,15:00
30,17:45,23:00
11,08:30,09:45
11,09:57,23:00
24,10:15,11:30
24,13:15,04:15
20,07:00,10:30
24,11:00,12:30
10,13:15,04:15
20,07:00,04:15
20,07:00,08:15
6,10:15,07:15
12,08:45,09:00
6,11:15,14:30
10,15:15,23:00
5,15:45,09:30
11.1,10:00,18:15
10,18:45,19:45
3,19:00,10:15
6,10:45,14:15
30,14:45,15:00
30,16:30,18:00
33,19:30,21:45
33,22:15,19:00
9,19:30,21:15
9,21:30,23:00
84,10:45,13:30
70,15:45,10:45
70,13:30,14:00
10.2,15:45,23:00
9.8,18:45,19:15
8.2,20:45,07:45
11.7,17:45,07:00
9.6,17:45,16:45
6.5,19:15,08:15
9.6,14:45,23:00
4.5,18:30,18:45
3,19:15,10:47
1,11:30,23:00
25,19:30,21:30
25,21:00,11:00
25,13:00,09:15
17.5,12:30,23:00
4.5,11:45,08:30
5,08:00,12:00
18,13:15,18:45
12,19:00,01:15
12,01:30,15:45
20,16:15,18:15
20,18:30,09:00
10,12:30,14:00
2.5,15:00,16:30
2,16:45,17:30
1.5,17:30,14:30
13,17:15,09:45
11.5,22:15,09:45
30,13:30,17:30
10,17:45,13:00
4,14:00,16:00
4,16:15,23:00
30,12:00,14:00
10,14:45,17:15
10,18:15,05:15
30,15:45,05:15
34.8,15:45,05:15
30,15:15,05:15
30,15:00,23:00
8.9,10:00,15:00
7.6,16:15,07:15
61.2,14:00,07:15
61.2,14:15,16:00
4.5,16:57,18:30
4.5,18:45,07:15
57.1,17:15,07:15
10.1,19:45,07:15
60.1,14:15,17:45
10,18:45,07:15
28.1,18:45,18:45
8,18:57,07:15
1.1,07:15,12:15
2.2,12:30,13:15
2.2,13:30,16:15
27,16:45,23:00
1.6,09:15,15:00
18,16:45,17:15
25,17:45,19:15
25,19:45,22:00
20,23:45,09:15
4,11:30,15:15
40,18:30,10:15
5,11:30,13:15
4,13:45,17:00
3,17:30,19:45
2,19:45,21:00
2,21:45,11:15
7,13:15,19:15
4,21:30,11:45
27,14:00,23:00
7,17:15,17:30
7,17:30,07:30
20,09:38,23:00
20,12:38,14:45
28,15:00,16:15
28,16:45,07:00
3,08:39,09:31
5,09:45,12:15
5,12:30,08:47
20,12:15,08:00
13.8,19:30,22:46
10,23:00,09:15
6.7,10:30,12:15
60,15:46,23:00
245,14:00,08:15
44,17:30,10:30
8,11:45,13:30
30,15:30,08:15
24,17:15,08:00
26,17:15,08:15
24,17:45,23:00
4,09:45,14:45
12,15:45,06:30
24,13:45,15:30
8,16:15,16:15
6,16:32,06:00
24,13:15,11:30
33,12:45,08:00
8,09:30,15:00
4,15:30,06:30
24,13:45,14:45
4,15:15,06:30
25,14:15,15:45
4,16:15,23:00
42,15:15,13:30
39,14:32,14:45
2,14:45,15:48
16,16:38,10:30
25,11:00,14:46
12,15:31,23:00
59.5,18:15,05:15
29.4,14:00,16:15
23.6,16:45,16:45
1.8,16:51,00:00
5.3,00:00,01:00
0.7,01:00,09:00
0.3,09:00,11:30
6.4,11:37,15:30
6.6,15:45,06:45
52.8,16:49,06:45
52.9,16:45,18:00
6.9,18:30,20:00
6.9,21:15,06:45
54.1,19:30,06:38
52.5,17:00,17:33
0.7,17:36,23:00
16,16:00,14:30
7.3,14:45,14:45
46,12:48,14:00
8.3,14:15,16:30
8.3,18:45,09:00
8.3,10:15,17:15
8.3,17:30,19:00
7.3,19:15,06:34
46,12:46,17:15
20.8,19:30,06:45
45,14:32,15:45
23.1,18:30,06:45
26.5,19:31,12:30
24,12:45,13:00
3,14:30,16:39
9,17:15,17:38
3,18:00,18:15
49.4,13:00,17:15
8.7,17:45,18:00
20.7,19:30,20:30
20.7,20:49,23:00
12.5,12:30,14:30
12.5,15:00,06:30
44,16:31,17:00
8.4,17:11,19:00
9.6,19:30,06:34
44,16:33,19:45
9.8,19:47,22:45
9.8,22:45,06:36
44,16:37,06:45
44,16:48,23:00
3,14:15,14:00
2,15:00,16:00
2,17:00,06:15
12,16:00,06:15
12,16:15,06:15
12,16:00,06:15
15,16:30,06:15
15,13:30,07:45
2,08:30,23:00
12,13:15,14:00
12,14:30,05:45
96,16:45,05:45
96,16:15,06:30
12,12:30,23:00
56.4,12:45,07:15
56.4,12:30,13:00
71,15:45,07:15
56.4,12:45,07:15
56.4,13:00,10:30
44,13:00,16:00
19,16:45,07:45
30.5,08:30,12:30
31.5,15:00,23:00
8,11:45,13:15
65,14:00,17:00
65,18:00,13:00
25,13:30,16:30
25,17:15,14:30
30,18:15,23:00
2,07:15,17:45
10,18:00,21:30
10,21:45,07:45
17,13:30,15:30
32,20:30,07:45
27.3,11:15,11:45
36,14:15,13:30
8,13:00,07:15
32,14:45,07:15
34,14:45,06:45
2,07:15,15:30
32,20:30,23:00
42,15:45,05:30
42,14:33,05:30
42,12:45,05:30
42,15:38,05:30
42,15:34,05:30
42,15:33,23:00
32,17:45,19:15
10,19:30,21:30
10,21:45,09:15
152,15:30,17:30
40,22:15,16:00
20,20:00,12:45
39,17:30,17:45
18,19:15,12:30
20,14:30,18:45
22,20:30,10:15
150,14:45,17:15
14,19:30,23:00
36,10:47,12:30
14,12:48,08:30
9,09:00,12:15
9,12:45,08:45
6.7,09:23,13:15
2.2,13:30,14:45
3.8,14:45,17:00
3.8,17:15,23:00
70,18:15,07:30
143,20:30,07:15
128,17:30,07:45
96.4,19:45,07:30
42,16:00,23:00
18,14:00,10:48
40,12:30,23:00
2.4,19:30,17:45
1.8,19:15,17:30
9,18:00,13:45
13.5,15:00,11:30
1.8,12:36,23:00
4,08:30,15:00
12,16:45,09:30
8,11:15,13:45
8,14:30,12:15
8,14:15,14:30
14,17:00,12:15
9,12:30,12:30
22,14:30,16:00
8,16:15,17:45
8,18:00,23:00
10,11:30,11:30
2,11:00,19:00
14,19:00,13:30
14,14:30,09:00
6,11:15,13:30
2,13:39,23:00
18,12:32,09:00
22,09:49,19:15
8,20:15,09:00
8,11:15,15:15
90,20:15,10:00
13,13:30,11:45
15,12:30,17:30
7.7,18:30,09:00
13.5,13:00,18:00
30,19:00,18:30
6,19:15,23:00
48,16:30,05:00
48,16:30,05:30
34,16:15,16:15
4,16:45,05:30
46,16:45,05:30
56.8,16:00,10:15
0.6,11:57,23:00
16,17:15,04:00
80,17:30,04:45
70,15:00,16:15
12,19:32,04:45
70,14:00,15:00
76,17:15,07:45
26,11:30,07:45
30,09:30,16:00
1,16:00,17:45
1,17:57,23:00
12.5,15:45,16:30
12.5,16:45,07:30
58,17:15,19:45
6,22:30,07:15
59.8,18:15,08:15
60,17:00,21:15
3,21:30,23:00
3,23:57,07:15
51,17:34,07:30
68,16:15,22:00
3,22:15,23:00
3,20:15,21:30
3,21:45,07:00
52.3,19:15,07:45
8.6,18:45,19:00
3,20:00,21:45
3,21:00,07:30
8.6,16:15,20:00
7,14:15,18:30
7,18:45,06:30
48,17:00,18:30
7,18:45,21:30
7,21:45,23:00
12,18:15,10:00
12,15:15,10:30
14,11:00,14:00
56,18:00,09:00
12,14:15,09:00
4,09:30,13:00
32,16:30,09:00
8,10:00,15:30
12,20:30,23:00
16,12:30,23:00
18,20:30,13:30
18,21:30,13:45
27,19:30,15:30
18,20:30,23:00
4,14:15,09:00
242,10:30,13:00
69.5,10:00,11:45
75.5,10:30,12:30
14,17:45,18:00
4,18:45,23:00
6,17:45,07:30
21,19:00,07:15
8,15:15,08:00
19.5,15:30,17:00
2,17:00,12:00
4,15:15,11:15
21,11:30,14:00
16,14:30,18:15
52,19:15,23:00
20,15:15,15:45
38,17:15,06:30
20,16:30,06:30
33,17:30,06:30
20,12:15,08:30
20,10:15,14:45
14,17:23,14:45
16,17:15,23:00
61,16:30,09:30
1,09:30,10:45
1,10:45,11:15
25,14:45,07:36
1,07:00,11:45
25,14:45,07:15
7,07:30,08:00
7,08:15,11:00
20,14:15,16:30
6,17:15,09:00
18,10:45,11:45
20,14:15,16:00
2,16:00,09:15
10,10:30,11:15
20,14:15,18:48
5,19:00,22:00
5,23:00,23:00
73,13:45,17:15
50,18:30,23:00
50,00:30,10:15
14,11:15,16:00
27,12:15,14:15
27,18:45,23:00
216.8,09:00,11:00
19.8,12:30,09:45
26,11:45,14:00
49,15:00,16:30
49,17:30,13:00
58,14:00,16:00
25,16:30,17:30
25,18:00,07:00
155.3,12:45,23:00
23,13:15,14:15
18,15:15,10:00
12,10:30,11:15
12,11:30,14:15
12,14:23,14:45
12,15:15,14:30
12,14:45,16:30
12,16:45,16:00
12,16:30,17:30
12,17:45,14:00
12,14:30,15:30
12,16:15,23:00
45,10:00,09:45
16,14:30,17:45
8,19:45,08:30
34,16:30,15:15
2,15:30,16:45
2,16:48,07:45
8,12:45,19:15
20,20:15,10:30
19,11:30,23:00
20,18:45,07:00
34,18:30,07:45
34,18:30,07:30
33,18:15,07:00
31,15:15,16:37
3,16:45,18:15
12,18:45,19:15
20,20:15,11:00
20,12:30,14:15
2,14:15,23:00
7,10:36,23:00
17,16:54,18:15
15,18:36,08:30
18,11:36,18:30
17,18:00,20:45
17,21:15,17:30
17,17:00,18:47
17,19:15,10:30
2,11:00,16:30
34,19:45,10:30
8,10:39,12:45
8,12:45,09:45
8,09:57,12:11
8,12:51,17:46
4,17:00,21:15
4,21:30,23:00
7.6,14:00,16:45
36.4,17:30,12:15
1.5,12:30,15:45
1.5,15:00,06:30
5.4,14:15,06:30
6.5,15:00,06:30
5.6,13:45,06:30
6.4,15:15,23:00
16,07:45,10:00
30,11:00,11:30
10,11:45,15:15
10,15:30,07:00
28,17:00,06:45
28,15:00,16:15
14,18:30,18:00
6,19:00,21:00
6,21:15,06:00
102,20:15,20:45
24,21:30,07:15
111,19:30,07:30
58,09:45,14:30
16,14:45,17:00
16,18:45,23:00
46,11:00,10:00
5.8,11:15,11:45
5.8,11:00,11:54
5.8,12:15,12:30
5.8,12:45,16:00
39.4,16:48,17:00
39,17:45,05:38
45,15:37,16:45
10.9,16:45,17:15
10.9,17:15,05:37
43,16:30,16:46
10.5,17:00,17:11
5.9,17:30,05:30
43.1,16:30,05:30
71.7,17:15,17:30
40.3,19:15,23:00
16.9,23:30,02:00
16.9,02:30,23:00
4.7,18:00,16:00
42,18:00,15:30
0.8,16:30,16:30
30,17:30,23:00
40,08:45,09:15
20,09:45,15:45
20,16:45,14:30
49,19:15,09:15
4,10:15,11:30
90,13:15,16:15
6,16:30,18:45
6,18:45,13:30
10,13:45,14:00
10,15:15,23:00
13.5,15:45,16:45
9.8,19:00,10:00
2.2,10:57,11:15
2.2,11:15,18:45
18,19:15,08:15
7.1,12:30,23:00
11,12:30,05:00
4,16:11,05:51
6,16:30,05:00
4,15:30,05:00
4,15:30,05:51
8,16:30,23:00
36.7,16:31,07:15
41.5,15:45,07:15
67.8,17:48,06:00
87.1,16:30,11:00
12.4,15:33,07:15
52.6,16:00,23:00
1147,22:45,09:00
219,18:45,10:30
208,18:30,10:15
38,15:30,10:00
6.8,12:38,23:00
136,16:45,20:15
8,20:45,07:00
8,08:00,11:00
110,16:00,20:30
11,21:15,18:30
23,19:00,22:15
23,22:45,06:00
136,17:15,18:30
4,19:30,18:45
11,19:15,20:15
11,20:45,23:00
11,11:15,23:00
21,18:30,03:00
17,03:30,17:00
4,17:15,18:00
12,18:30,19:00
12,19:30,23:00
4,23:15,23:00
30,11:15,17:30
30,18:00,15:30
4,16:15,11:15
3,11:30,13:00
3,13:15,13:30
32,14:00,16:30
32,17:00,11:45
3,12:00,13:30
3,13:45,13:00
30,13:30,17:00
30,17:30,18:45
24,20:15,23:00
9,08:30,11:45
9,12:00,11:30
3,11:45,12:45
3,12:45,08:15
18,13:45,07:15
64,10:00,16:00
18,19:45,08:00
18,14:15,09:15
22,12:30,15:45
7.5,16:15,19:15
7.5,19:30,23:00
5,18:45,19:15
5,19:45,16:00
8,19:45,08:15
4,09:15,15:15
5,15:45,23:00
5.9,11:00,15:45
4.5,15:00,20:15
2.4,20:30,22:15
2.4,22:23,08:30
2.3,13:15,18:00
0.8,18:00,23:00
6,13:45,15:15
15,15:33,18:30
15,19:30,19:45
9.5,20:00,23:30
9.5,23:45,16:45
6,17:45,23:00
40,17:15,23:00
7,19:45,07:45
9,18:45,07:30
7,18:45,07:30
15,18:45,07:30
4,17:45,08:30
20,15:30,09:45
31,11:30,07:38
19.2,17:00,18:45
14.6,18:00,21:15
14.6,21:30,07:30
20,13:15,13:45
21.6,17:00,07:45
20,17:30,07:32
21.2,17:30,23:00
11,11:15,16:30
4.8,17:30,09:45
5,10:30,19:00
2.5,19:15,22:00
2.5,22:15,13:30
21,16:15,09:45
3,10:30,18:30
60,22:30,11:15
6,11:54,12:45
3,14:00,19:45
2.5,20:15,23:00
2.5,23:15,23:00
8.2,11:30,14:00
28,15:38,08:00
76.8,19:00,10:15
4,11:15,15:00
50,17:30,18:00
5,19:15,10:15
5,11:30,16:15
64,18:57,08:00
76.6,20:45,10:15
5,11:38,14:15
32,16:00,23:00
14.3,14:15,06:45
19.1,14:15,15:30
7.7,16:45,07:15
13.6,14:15,06:45
13.6,14:15,07:00
13.6,14:15,23:00
2.8,17:33,19:15
0.5,19:15,20:45
0.5,20:47,23:00
4,18:15,14:15
2,14:30,15:30
15,14:30,15:45
54,18:45,07:45
7,18:45,12:30
8,13:45,15:00
51,16:15,18:15
50,18:45,14:00
2,15:00,17:30
2,17:45,23:00
45,18:34,07:30
36,15:00,08:36
25,09:00,10:48
26,11:15,07:30
40,16:30,16:36
7,17:30,07:00
8,08:01,09:30
40,19:00,07:15
52,16:45,23:00
22,18:00,19:15
10,19:45,07:30
27,18:30,07:15
24,17:30,18:30
5,18:45,22:15
5,22:30,07:15
24,18:47,09:45
27.5,10:15,12:15
27.5,12:30,17:30
6,17:37,21:00
6,22:00,07:15
24,18:15,23:00
20,21:45,17:45
8,19:30,13:00
60,19:30,10:00
16,13:30,23:00
180,12:30,04:00
180,17:30,04:00
185,17:45,04:00
180,16:30,23:00
13.8,16:36,08:45
29.6,11:15,08:54
13.8,09:45,16:01
10,16:46,14:45
25.6,17:15,23:00
5.4,12:30,17:30
81,18:45,22:45
82,23:00,12:45
5,13:15,09:15
6.2,09:45,11:15
6.2,11:45,12:15
3.4,12:00,18:15
20,18:45,20:15
20,20:30,21:45
1.7,21:48,14:30
16,14:45,23:00
4,22:15,19:15
1.7,19:15,20:30
1.7,20:30,22:45
3,23:23,10:30
17.7,17:30,23:00
2.2,11:30,10:45
37,11:45,13:00
33.4,14:30,15:45
34,16:45,16:30
18.7,16:00,23:00
6.4,10:30,13:30
5.4,13:34,18:00
11.5,18:15,17:30
29,19:15,10:15
5.2,10:45,08:45
3.4,08:00,10:15
3.4,10:15,23:00
24,18:30,21:30
15,21:45,06:00
2,06:15,07:15
3,09:48,12:48
56,14:45,15:45
13,16:00,17:15
12,17:30,19:00
8,19:15,13:00
8,13:15,17:15
8,17:30,08:00
23,15:00,16:15
6,16:15,18:45
6,18:00,06:00
56,15:00,17:00
12,17:15,19:15
12,19:30,18:00
35,22:30,08:00
20,16:32,23:00
3.5,12:15,14:30
130,16:15,14:30
8,16:45,08:30
72,15:15,08:45
7,10:30,10:45
7,13:45,23:00
3.1,12:15,15:15
4,15:45,16:00
1.2,17:00,08:15
2.2,11:54,12:30
1.2,14:15,20:15
0.8,20:15,21:45
0.8,21:47,08:30
0.6,12:00,13:00
1,16:15,08:30
3.2,12:45,08:23
1.4,12:30,12:00
1.4,14:15,23:00
32,14:34,17:30
2,17:30,18:15
2,18:15,07:01
32,13:45,19:15
15,19:30,20:45
15,20:57,08:30
34,12:30,10:45
8,11:38,07:54
2,08:30,09:30
36,11:49,23:00
16,17:45,07:00
16,11:00,17:00
120,18:30,23:00
18,17:45,07:30
18,15:45,17:45
10,18:11,09:00
120,10:30,08:30
25,09:00,09:30
25,10:00,12:00
14,15:30,23:00
22,19:15,23:00
28,14:30,11:45
21,12:15,18:00
22,19:15,09:00
25,09:30,10:45
25,11:30,14:33
28,15:30,14:30
10,14:45,18:15
10,18:30,23:00
25.8,10:23,22:15
23.6,07:15,15:30
21,16:00,22:11
23.6,07:15,22:15
23.6,07:15,15:30
21,17:15,22:15
23.6,07:15,22:15
23.6,07:00,23:00
1.8,07:45,11:45
1.8,12:15,07:30
1.8,07:45,12:30
1.8,12:45,07:30
11.9,10:15,12:30
1.8,12:45,07:30
1.8,07:45,10:00
1.8,11:15,12:00
1.8,12:15,07:30
1.8,07:45,10:00
1.8,11:15,12:15
1.8,12:30,14:45
20,16:00,09:30
40,11:00,23:00
3.2,08:45,09:00
15.4,09:30,23:00
6.5,11:00,12:45
6.5,12:00,07:45
73,20:38,04:00
802,20:45,07:00
73,19:15,23:00
62,11:15,19:30
25,20:00,22:00
25,22:30,15:00
4,16:15,14:00
10,14:15,15:30
2,15:00,23:00
8,17:45,15:00
16,17:00,08:30
8,09:45,23:00
4,20:30,22:30
4,22:30,10:00
80,15:30,23:00
458,15:00,23:00
36,15:00,06:45
36,15:00,06:45
36,15:00,06:30
36,15:00,06:30
36,15:00,23:00
10.4,08:45,08:00
13.3,11:23,12:01
11.6,13:00,02:30
4.2,02:30,07:00
10.4,09:45,13:38
11,17:15,07:00
11.4,09:45,14:00
7.1,14:46,15:15
2.7,15:30,07:00
7.8,17:46,20:30
2,20:34,08:30
5.4,08:31,13:00
14.1,15:00,23:00
4,10:15,12:47
4,12:00,10:30
2,11:00,10:45
4,10:00,10:57
41,13:00,17:45
34,19:15,19:15
42,07:30,16:01
2,16:15,17:15
3,18:30,19:30
43,07:45,23:00
26,17:15,06:45
22,17:30,06:45
22,12:30,15:15
48,18:15,11:00
16,11:30,14:00
16,14:30,16:00
90,18:15,06:45
22,17:30,06:30
26,17:30,23:00
44,18:30,06:45
44,17:30,17:45
9.5,18:30,08:00
6,09:00,09:15
18,10:30,16:30
9,17:45,07:30
47.5,18:45,07:30
46,18:15,07:15
44,18:15,23:00
5,09:45,09:30
14,12:37,23:45
30,00:45,10:30
8,10:45,18:15
13,18:30,22:00
13,22:15,12:30
4,12:45,17:34
7,17:45,19:15
7,19:30,23:00
6,20:15,12:30
6,13:45,23:00
80,12:45,17:00
5,17:45,14:30
6.5,15:45,18:30
1.5,18:45,20:00
1.5,20:15,12:45
6,19:15,19:30
35,19:45,23:30
35,23:45,06:45
6,13:15,18:30
6,07:45,15:30
1.5,15:45,17:00
4.5,17:00,23:00
70,18:15,05:00
70,15:00,08:30
66,11:30,15:15
5,15:30,20:45
5,20:45,08:00
37,09:33,07:37
70,17:36,06:30
82,19:15,06:00
116,18:15,23:00
10,08:00,11:54
30,13:30,07:00
10,08:15,11:30
10,12:00,16:00
37,17:30,07:57
10,08:15,11:00
10,12:30,07:57
10,08:15,10:30
19.5,12:30,07:57
10,08:30,11:45
10,12:15,16:32
5.5,16:38,18:00
5.5,18:15,23:00
16.5,14:00,12:15
46,15:30,15:38
4.2,15:51,10:45
3,11:15,23:00
30,10:00,12:15
30,12:45,18:00
8,18:45,20:45
8,21:15,12:15
21,12:45,14:15
17,14:45,23:00
68,16:45,17:36
46.5,18:45,05:00
68,16:45,16:30
43.6,17:00,07:45
71.3,11:00,19:30
8.5,20:00,23:00
80,18:30,19:00
5,19:15,22:30
5,22:45,06:45
80,18:15,06:45
140,21:45,06:45
80,18:30,06:45
80,12:45,19:45
3,19:00,21:45
3,22:00,07:30
50,15:30,23:00
11,12:15,12:30
11,16:00,11:00
5.5,11:38,11:00
30,12:30,15:30
30,16:15,06:45
11,12:45,14:15
30,15:30,06:45
11,12:15,12:30
11,15:00,06:45
11,16:15,06:45
11,16:00,23:00
40,14:30,09:30
45,09:00,14:00
20,14:30,12:30
50,13:30,16:15
50,17:00,13:45
40,23:30,13:00
41,23:30,13:45
30,23:15,01:00
10,01:15,13:45
40,23:30,23:00
3.4,13:15,13:15
17.9,13:45,15:15
17.9,15:45,06:15
13.2,16:00,23:00
6.5,06:30,06:48
32.3,11:48,06:00
6.7,11:00,18:15
10.7,18:30,21:15
10.7,21:30,06:30
2.9,06:30,08:15
10.7,09:37,14:37
5.6,14:45,06:30
2.9,06:30,06:46
13.3,14:15,07:15
14.2,11:45,11:47
4.4,12:33,23:00
50,15:00,12:15
0.7,12:15,12:30
23,16:00,16:30
5.7,16:45,19:15
21.9,19:45,07:45
27.7,18:15,20:39
1.6,20:47,22:00
1.6,22:15,07:54
27.7,18:30,07:45
26.2,17:45,07:31
44.2,22:45,07:36
50.4,19:45,19:00
19.7,20:30,07:31
37.8,14:30,19:00
30.8,20:15,23:00
17,17:45,08:30
14,09:30,14:00
12,14:45,19:45
3,19:00,21:45
3,21:45,07:00
189,17:00,23:00
3,16:30,16:45
6,17:45,08:15
24,13:45,15:45
12,16:30,18:15
44,22:15,07:45
12,08:15,09:00
41,16:15,09:30
20,12:45,15:15
10,15:30,17:30
10,17:45,18:15
3,18:15,20:00
3,20:15,09:30
12,11:15,16:00
35,17:00,23:30
35,23:45,08:15
6,08:30,09:00
6,10:45,23:00
67,11:45,15:00
66,16:45,08:45
24,10:45,15:30
3.6,16:15,08:45
24,09:00,09:15
48,11:45,08:45
56,12:15,15:15
7.4,16:45,07:00
97,09:30,15:30
98,18:45,23:00
84.5,11:45,15:00
5,15:32,09:30
3,10:15,17:00
10,17:47,08:30
152,17:15,18:00
5,18:45,06:00
74,16:45,17:00
44,18:45,23:00
35,16:45,06:15
40.3,17:45,06:00
44.7,16:45,05:45
61.5,15:15,15:45
2,16:15,10:30
44,11:45,11:45
11,12:00,14:00
23,15:15,11:15
17,11:45,13:30
17,14:00,06:00
78,14:45,23:00
3,18:37,22:45
3,22:45,18:30
3,18:49,16:45
42,06:00,16:30
3,17:00,17:15
36,19:15,23:00
12,16:45,07:30
10,16:45,18:45
7,18:00,20:45
7,21:15,07:45
10,16:30,18:45
7,18:45,21:15
7,21:30,07:30
16,16:45,18:00
80,19:15,23:00
42,14:45,11:00
35,11:45,18:45
35,19:30,11:15
70,16:30,23:00
11.5,09:15,11:30
11.5,11:45,14:45
18,16:30,08:45
11.5,09:30,11:15
11.5,11:30,08:45
11.5,09:30,11:15
11.5,11:45,08:45
11.5,09:15,10:45
11.5,11:30,17:00
1.5,17:30,08:00
11.5,08:30,10:15
11.5,10:30,09:00
22,09:45,11:30
22,12:15,23:00
14,15:00,15:00
6,15:15,17:15
6,17:30,09:45
14,15:15,09:00
14,14:45,23:00
14,09:45,12:30
36,18:30,09:00
24,10:30,12:30
36,18:15,08:15
36,13:30,15:00
10,15:15,16:00
12,17:00,07:45
4,08:00,12:30
36,18:15,08:45
24,10:00,12:30
37,20:00,08:15
36,13:30,10:00
12,10:30,11:30
14,11:45,23:00
10,12:15,12:45
10,16:30,06:30
10,12:15,12:45
50,17:30,06:30
10,12:15,12:45
10,14:45,19:00
3,19:15,20:15
3,20:30,06:30
10,12:15,12:45
10,16:45,06:30
10,12:15,12:45
10,16:45,23:00
10,16:45,08:00
14,10:15,10:30
44,12:00,14:00
60,16:45,11:00
4,12:15,07:45
10,16:45,07:45
10,16:45,18:00
40,21:00,23:00
46,10:45,12:15
12,12:30,12:45
14,13:45,11:00
161,19:15,09:45
4,11:15,23:00
3,07:30,07:45
3,07:45,10:30
6,16:45,07:30
78,16:30,07:45
6,08:15,09:00
16,17:15,09:00
4,10:00,06:45
6,07:15,16:30
4,17:15,23:00
64.2,18:37,19:30
7.8,19:33,22:15
7.8,22:30,08:15
65.4,18:00,09:30
8.4,11:48,07:00
64.2,18:45,07:45
67.5,18:00,07:45
64.2,18:30,23:00
2.4,08:45,10:30
2.4,10:30,23:00
18,10:45,08:00
20,10:15,12:45
10,12:45,14:00
10,14:15,20:00
1,20:00,21:30
1,21:32,07:15
2,07:30,08:45
22,10:45,19:00
1,19:00,21:31
1,21:33,08:45
50,19:45,07:45
2,07:00,09:00
20,10:00,14:00
53.5,20:00,10:15
10,14:30,23:00
2,16:45,10:45
2,12:15,23:00
3,11:15,11:15
3,11:30,17:30
2.2,18:00,14:00
4,15:00,16:15
4,16:15,08:45
2,10:45,10:45
2.2,11:45,09:45
10,10:45,11:30
26,11:00,15:45
26,16:30,10:00
2.2,11:15,14:15
2.2,14:00,23:00
10,19:11,08:15
3,08:30,11:00
50,16:15,15:30
3,15:45,09:00
6,10:45,14:00
5,15:30,10:15
42,16:45,10:15
6.5,12:30,23:00
4,09:30,10:15
18,14:15,17:00
12,17:30,18:30
10,19:15,11:30
4,11:45,12:15
7,12:30,13:30
12,13:45,16:30
5,16:45,17:30
5,17:45,07:00
52,17:30,18:30
15,18:00,21:45
15,21:45,06:45
52,17:30,06:30
52,18:00,18:15
15,18:30,21:45
20,22:15,06:45
52,16:45,07:00
52,15:15,18:00
40,23:00,23:00
7,10:15,10:30
9.6,10:30,10:46
7.9,10:00,09:00
21.7,09:45,10:30
3,10:30,11:00
3.9,11:31,17:11
12.6,17:45,12:45
9.1,12:57,14:15
16.3,14:54,16:45
4.2,16:45,18:00
3.3,18:15,09:15
6,12:15,13:30
1.6,13:45,09:15
3.2,19:15,09:33
1.4,09:45,09:46
5,12:15,14:54
1.6,15:45,16:45
5.4,16:00,17:00
5.4,17:15,18:11
1.8,18:30,23:00
6,11:15,15:00
16,15:00,10:30
12,12:30,15:15
16,16:15,10:00
12,11:00,14:00
6,15:45,10:00
4,10:45,23:00
30,18:00,19:45
3,19:45,21:15
3,21:15,08:00
28,20:30,10:45
14,11:00,12:30
14,12:45,14:00
6,15:30,14:00
6,15:30,23:00
8.4,10:00,08:00
8.8,09:15,11:00
2,11:30,13:45
8.2,14:45,08:15
2,08:45,13:45
8.2,14:45,23:00
10.8,19:15,09:00
8.4,11:30,09:45
8,11:45,08:30
53,14:30,23:00
1.5,07:15,07:45
1.5,08:00,15:30
2,15:45,16:30
2,16:30,23:00
50,18:45,07:15
98,15:45,09:15
502,15:15,14:15
2,16:15,07:45
121,22:30,07:30
98,18:30,07:30
108,18:45,23:00
2.5,14:30,15:30
2.5,15:45,09:30
3,10:15,15:30
20,17:30,08:30
2,08:45,09:45
2,10:00,08:30
8,11:00,14:30
3,14:45,15:45
3,15:00,23:00
5,11:00,13:00
40,18:45,11:15
5,11:45,13:38
40,17:51,13:15
42,13:49,17:45
42,18:45,09:30
5,10:57,14:36
40,18:15,10:30
5,11:23,16:00
64,19:00,14:15
40,18:45,23:00
13.5,08:00,11:45
13.5,12:00,14:30
8.4,15:15,08:00
13.2,09:15,11:15
13.3,11:30,15:45
28.9,17:30,23:00
12.3,10:00,11:15
12.3,11:45,17:15
43.6,18:00,09:45
11,10:15,09:45
13.2,10:30,12:15
13.3,12:45,15:45
37.5,16:45,18:00
11,19:15,20:15
26.5,20:45,09:00
14.4,13:30,13:45
15.8,14:57,09:45
133.1,13:00,17:00
133.1,20:45,09:45
13.3,09:00,10:45
14.1,11:15,13:45
35.5,17:15,23:00
745,14:45,23:00
13,10:30,14:15
4,14:15,15:45
4,15:00,13:45
16,14:15,16:30
16,16:45,12:15
20,12:32,08:00
36,12:45,17:15
7,17:30,23:00
9,10:30,23:00
3,08:45,10:15
2.5,10:30,11:45
2.5,11:45,14:15
2,14:30,14:00
2,14:00,14:30
6,15:15,15:15
24.8,17:15,19:45
2.5,19:00,22:45
2.5,22:48,07:00
80.3,12:30,13:30
24.2,14:15,18:45
16.5,19:15,22:30
9.4,22:30,08:30
24.7,10:45,14:15
2.8,14:47,23:00
5,15:30,11:00
2,11:57,16:45
2,17:15,08:45
10,08:57,10:45
10,10:48,18:45
8.5,18:45,20:15
8.5,20:30,07:45
52,11:45,08:30
19.5,10:30,12:00
8.8,12:15,18:45
8.5,18:00,20:00
12,21:00,23:00
10,09:45,11:00
8,11:15,14:00
306,20:00,17:00
2,17:23,17:30
6,22:30,15:00
14,17:15,07:30
4,16:15,08:00
2,08:15,18:00
2,18:15,23:00
14.6,14:15,13:00
8.3,11:15,10:00
7.2,10:30,13:00
7.2,13:30,12:30
3.7,12:45,14:00
3.7,14:30,23:00
30,16:45,09:15
70,17:15,14:00
82,19:30,23:00
2.5,10:38,12:32
2.5,12:36,14:00
52,18:15,16:23
64.4,19:15,09:32
2,09:45,12:30
2,12:31,07:30
28.1,13:15,07:34
16.8,10:00,12:15
31.1,16:45,13:11
8,13:30,17:15
8,17:30,15:30
20.3,17:30,23:00
34.8,13:45,07:30
30.5,15:00,19:15
7.8,19:00,07:36
32.2,13:30,16:15
28.7,17:36,08:30
33.4,16:01,23:00
73,13:36,15:45
10.4,16:00,08:01
36.4,18:31,07:00
43.9,18:39,08:15
36.6,18:46,23:00
8.4,14:15,14:45
2.6,14:45,13:30
2.4,15:30,23:00
488,17:45,06:45
125,15:15,07:30
29,22:45,07:31
9,08:45,14:15
12,15:15,17:15
8,17:30,20:30
8,20:30,21:30
224,15:00,10:30
69,11:30,15:00
69,15:00,06:45
90,16:00,18:15
6,18:30,19:15
6,19:30,06:30
339,14:32,23:00
12,15:15,07:00
8,08:30,10:45
12,15:15,10:45
12,15:15,08:15
12,15:15,23:00
20,10:45,16:30
20,17:00,10:15
35,12:30,12:30
45,14:30,00:45
45,01:30,08:00
6,09:30,10:00
12,11:00,23:00
1.9,16:37,10:30
0.7,10:31,11:30
4,13:45,11:30
2,11:45,23:00
73,12:45,18:15
16,19:15,15:00
17,17:49,18:45
7,19:15,09:11
10,09:31,12:30
8,13:00,15:30
34,16:32,14:00
31,15:38,10:48
51,15:45,08:31
27,12:54,18:00
0.8,18:00,19:15
0.8,19:30,19:45
4.5,19:45,00:30
4.5,00:45,23:00
5,17:30,17:45
3.5,18:30,10:15
3,10:45,10:00
2.3,11:45,17:30
70,18:30,23:00
54.1,00:45,10:45
2.7,10:49,12:39
2.8,12:45,07:15
5,16:15,07:15
4.5,16:15,17:00
4.2,18:15,07:15
4.5,16:15,17:15
2.7,17:30,18:45
4.8,18:00,07:15
15.4,17:00,17:39
3,18:30,23:00
216,19:30,07:45
8,08:15,10:15
50,13:45,07:15
210,15:30,07:15
9,08:00,10:45
18,13:30,06:45
216,19:15,09:45
90,12:45,18:15
13,18:30,21:30
13,21:45,23:00
3.5,13:01,14:00
3.5,14:57,07:15
5,16:30,07:15
5,16:30,07:15
5,16:30,17:30
6,18:00,07:15
5,16:30,19:11
6,19:32,07:15
5,13:00,13:15
3.3,13:30,14:15
3.3,14:30,09:45
8.6,10:54,12:34
4.8,13:30,14:45
3.3,14:48,16:15
3.3,16:15,23:00
3,08:00,07:30
3.1,08:00,07:30
3.1,08:15,07:30
6.5,09:30,07:30
1.3,07:45,07:45
1.2,08:00,07:30
3,08:30,23:00
60,17:45,07:00
60,17:30,07:00
65,17:00,07:00
60,18:45,07:00
60,16:30,09:30
6,11:15,23:00
6,14:45,15:45
3,16:00,18:45
3,18:45,13:15
110,14:45,20:15
110,21:45,15:30
5.5,16:45,23:00
16,15:45,06:48
33,09:45,12:30
18,14:30,08:30
18,08:45,06:30
6,06:45,08:30
61,11:30,08:30
18,08:45,08:30
18,08:00,16:00
18.2,16:57,23:00
50,07:00,20:00
50.6,09:15,14:45
14,15:30,20:30
50,08:00,14:45
14,15:32,16:45
14,17:00,17:00
15,18:00,13:45
19,14:30,17:15
18,18:31,10:45
22,18:15,21:30
28.5,11:33,13:15
2,13:30,13:30
14,13:00,14:00
15.5,15:30,16:00
9,16:15,16:00
9.1,08:15,23:00
7,14:15,21:00
52,06:30,16:30
6.5,16:45,18:23
6.5,18:45,21:00
52,06:30,14:45
33.5,15:15,23:00
33.5,23:30,12:00
130,15:30,16:30
2,16:00,12:00
7,12:30,15:15
7,15:30,13:15
33.5,14:00,19:45
33.5,20:15,05:15
52,14:45,23:00
14,08:30,09:45
14,10:00,10:15
75,13:15,10:00
18,11:45,15:15
17,15:30,17:30
38,20:00,23:00
38,20:00,07:15
64,14:15,07:15
64,17:00,07:15
64,10:45,13:30
10,15:15,09:00
64,17:00,23:00
10,07:00,08:45
10,08:00,15:15
22,16:30,07:37
10,07:00,08:47
10,08:57,18:11
20,20:37,08:45
20,09:30,08:48
3.5,09:30,07:45
10,07:00,08:45
10,08:00,08:15
22,10:01,23:00
5,23:00,19:30
11,20:15,20:15
4,20:33,22:15
7.5,09:15,10:45
2.5,10:00,18:45
36,22:45,16:15
13.5,17:15,15:00
6,16:00,09:30
5,13:45,14:15
3,14:30,15:30
3,15:30,15:45
23,18:30,17:15
10,17:45,23:00
436.5,15:30,15:45
11,16:15,23:00
140,14:30,17:30
15,17:00,08:45
16,09:32,13:30
60,14:51,16:00
12,17:15,14:45
14,17:45,09:30
11.3,09:46,08:30
55,09:30,14:45
58,16:15,17:00
14,17:00,16:15
16,17:45,23:00
4.7,11:45,15:45
25,16:00,18:45
25,19:00,15:30
7,16:00,19:45
1.8,19:00,23:00
1.8,23:15,23:00
50,14:45,15:15
25,15:45,19:45
25,19:45,20:00
2.4,20:15,20:45
2.4,21:00,23:00
5.3,10:00,11:45
5.3,12:15,12:15
8.3,14:15,09:15
5.2,10:15,12:45
5.6,12:45,13:45
5.6,14:15,14:15
45.5,17:45,09:30
23,15:45,15:15
17,16:30,23:00
10,12:15,13:00
12,14:45,17:45
4,17:45,20:45
4,21:15,08:00
10,08:30,14:00
10,14:30,08:00
6,09:00,09:45
11.6,10:30,11:00
6.4,12:30,15:15
6.4,15:45,08:00
10,08:15,11:45
10,12:00,13:30
10.5,15:30,16:15
25,17:30,08:00
10,08:15,12:00
10,12:15,17:45
29.2,19:00,20:45
11.1,20:00,10:30
11.6,11:15,23:00
20.6,15:32,06:45
20.6,15:45,18:00
3,19:00,22:00
3,22:15,06:45
20.6,15:45,06:45
20.6,12:45,06:45
32.8,14:30,10:30
10,11:30,23:00
16,17:15,07:00
16,17:15,07:15
16,17:30,06:45
16,17:15,07:00
16,17:15,08:45
16,12:30,23:00
120,17:30,09:00
23,17:15,10:00
34,19:00,07:30
53,18:15,10:15
53,16:15,10:00
30,15:15,23:00
12,12:15,13:00
5,13:00,11:00
28,16:45,11:00
12,12:15,15:15
4.5,16:15,11:00
12,12:15,15:00
8,15:15,17:00
8,17:15,21:00
25,21:30,23:00
25,00:00,23:00
4,15:15,16:00
4,16:15,17:30
4,18:45,17:30
12,18:00,18:00
48,20:45,15:30
8,15:45,19:00
8,19:15,21:30
55,22:30,04:00
55,05:00,12:00
12,12:30,21:00
50,21:45,23:15
50,23:45,23:00
15,08:00,13:15
15,13:30,10:45
83,15:15,07:15
82,16:45,06:45
94,16:15,07:45
36,11:30,19:15
6.5,19:30,21:15
6.5,21:30,10:15
2.5,10:15,13:15
33,15:45,15:45
5,16:00,23:00
6,11:33,14:45
15.2,14:00,16:45
15.2,17:00,17:30
4,17:45,20:30
4,20:45,21:39
4.2,22:00,09:15
15.2,09:30,12:15
15.2,12:30,08:00
175,20:15,20:45
15,21:00,07:45
102,11:00,14:15
51,18:30,19:00
43,22:15,07:00
42,14:45,16:00
15,16:15,19:45
15,20:00,17:15
22,19:15,09:15
5,10:15,16:15
15.2,16:30,19:15
15.2,19:30,19:00
2.5,20:15,22:45
2.5,22:00,23:00
11,14:45,14:00
1,14:30,23:00
6.5,13:30,11:30
6.5,13:45,17:00
5,17:30,23:00
125.3,20:38,08:15
106,17:38,16:45
12,18:30,08:15
106,18:30,07:45
518,16:30,23:00
16,11:45,09:15
34,13:00,09:30
28,12:30,13:00
11,13:30,17:30
11,18:00,23:00
71,19:15,10:15
85,11:15,16:00
70,17:15,19:00
25,19:30,08:15
107,19:30,08:15
125,20:00,08:00
193,19:30,08:00
235,19:45,23:00
120.8,20:15,05:45
125.4,20:30,05:45
119.4,20:45,09:38
10.4,10:45,09:45
4,10:15,11:30
24.1,13:48,23:00
3.8,23:30,05:47
118.7,20:23,05:47
118.7,20:15,23:00
52,13:30,15:45
0.6,18:32,05:15
52,12:45,17:15
52,22:45,05:15
52,14:45,16:30
0.8,20:30,05:15
52,14:45,16:15
1.6,20:15,05:15
52,14:45,05:15
52,15:00,05:15
52,14:45,15:15
18,15:00,23:00
21,12:15,05:30
23.5,15:00,17:00
2.4,17:32,05:30
23,14:30,05:30
23,14:30,05:30
23,14:30,16:15
15,16:45,17:30
15,17:45,05:30
23,14:45,20:15
1,20:30,20:30
15,20:45,23:15
15,23:30,23:00
18,09:30,08:30
19.5,10:30,23:00
10,12:15,13:00
2,13:15,13:30
2,13:30,15:00
20,16:30,08:00
10,12:15,16:00
12,16:15,17:15
12,17:30,08:00
10,12:15,08:00
10,12:15,09:00
30,12:45,11:00
12,11:15,12:15
12,12:30,13:00
30,14:30,15:00
20,15:30,18:00
20,18:30,23:00
50,16:30,21:30
24,11:15,14:00
6,14:15,18:00
6,18:15,20:00
12,20:15,22:00
12,22:15,08:00
50,20:00,08:00
50,17:30,08:00
50,14:30,08:00
50,19:30,21:00
10,21:15,23:45
10,23:00,23:00
5.5,10:51,09:15
67.6,11:32,08:30
260,12:45,14:00
4.7,16:00,23:00
1.6,20:30,16:30
5,17:00,23:00
48,16:45,06:30
48,16:31,06:30
48,16:46,06:30
48.9,16:45,06:32
48,12:49,13:31
4.8,14:30,15:11
42,17:23,13:57
38.8,14:15,23:00
11.1,19:30,21:00
11.1,22:30,15:45
22,18:00,23:00
19.6,16:45,11:15
6.8,11:30,13:15
6.8,14:15,07:30
19.6,17:30,19:00
3.1,19:00,23:00
3.1,23:15,23:00
70,15:30,19:30
10,19:45,22:15
10,22:30,17:00
6,18:15,16:15
10,16:30,17:45
10,18:15,11:30
4,11:30,16:45
4,16:00,19:30
7,19:45,04:00
7,05:00,07:15
26,15:15,07:15
70,12:15,19:00
4,19:15,21:15
4,21:30,23:00
30,16:00,07:15
30,17:45,06:30
140,19:00,07:30
30,14:30,07:30
30,16:00,19:30
15,20:00,23:00
15,23:30,07:30
30,09:00,15:00
5,15:15,16:30
5,16:45,23:00
85.9,09:15,14:51
87.7,16:30,23:00
60.2,16:33,06:00
6,17:15,06:00
60.3,16:00,06:00
5.4,14:54,15:45
7.3,17:30,16:00
1.5,17:30,23:00
74,14:30,03:45
15.8,14:45,16:00
74,17:15,07:30
15.8,12:45,17:00
15.8,17:45,10:15
457,14:45,12:00
73,14:45,23:00
15,15:15,11:00
25,12:30,12:00
25,13:30,14:00
55,15:30,17:00
7.5,18:00,18:00
7.5,19:00,09:00
30,14:15,16:45
0.5,16:48,17:57
0.5,18:00,18:15
7.5,18:30,18:00
7.5,19:00,19:00
0.4,19:00,20:30
0.4,20:30,08:00
4,09:15,09:00
7.5,10:15,10:45
7.5,10:45,11:00
35,13:00,08:00
4,09:15,23:00
3,11:00,18:00
32,23:00,03:00
32,04:00,09:00
9,10:00,07:30
32,18:00,07:30
32,18:30,07:30
32,17:30,07:30
32,18:30,23:00
3,12:45,20:45
2.4,21:00,09:45
10.8,12:45,08:00
3.6,12:45,08:00
7,12:45,23:00
7,12:45,16:30
6,17:00,06:00
7,06:45,11:45
24,14:15,14:00
4,14:30,15:45
7,16:45,08:30
18,13:30,08:00
26,16:15,23:00
970,20:00,11:30
10,11:45,13:00
10,13:15,23:00
8,11:46,17:00
29,18:32,18:45
3,18:00,22:15
31,22:45,07:30
75.5,19:01,10:30
8,11:47,07:15
76.8,18:15,23:00
1,18:15,18:30
0.5,18:30,19:45
0.5,19:37,09:00
8,09:30,10:15
16,11:00,12:47
58,17:46,13:48
10,14:15,16:30
10,16:48,23:00
12.5,09:45,09:30
36,12:36,18:45
69,23:15,09:15
4.8,10:38,09:30
37.1,12:31,09:45
6.1,11:15,23:00
8,20:57,12:45
24.7,15:00,23:00
22,10:30,11:48
11,12:15,12:15
4.5,12:45,13:57
13,14:30,14:45
16,15:15,10:00
90,20:47,23:00
42,23:30,10:45
8,10:49,12:30
45,21:30,16:30
42,23:30,10:30
34,19:30,07:15
47,18:00,19:15
15,19:30,22:34
15,22:00,16:30
42,23:30,23:00
236,17:30,10:45
42,11:45,06:00
236,17:45,06:15
239,18:32,06:00
236,18:15,05:00
236,18:15,23:00
53,14:15,15:30
5,15:45,08:30
2,08:45,07:30
174,19:00,06:30
182,17:15,17:45
9,18:15,06:30
175,17:15,07:30
174,19:01,23:00
4,18:15,18:15
2.2,18:45,09:00
6.4,09:30,23:00
2,11:15,11:45
2,12:00,08:30
40,14:45,08:30
23,13:30,14:45
26,16:15,08:30
38,13:45,08:30
22,12:46,13:45
22,18:00,15:30
45,11:00,20:00
3.2,20:15,21:45
3.2,22:00,09:30
45,11:00,14:00
30.5,15:45,17:45
10.8,18:15,08:00
45.7,11:45,17:30
27.7,18:30,18:45
5.7,19:15,08:00
51.6,13:15,15:00
7.1,16:30,19:15
8.1,19:30,21:30
8.1,21:48,09:15
46.3,13:45,20:30
32.1,21:15,16:30
28.6,20:15,23:00
15,11:30,14:00
15,14:30,21:00
15,21:30,23:00
15,23:30,21:00
15,21:30,22:45
15,23:15,19:30
20.3,20:00,23:00
21,23:30,08:30
15,08:00,11:00
15,11:30,23:00
8.8,21:15,17:00
93.2,18:15,22:30
93.2,23:30,23:00
118,15:45,17:45
3.3,18:30,05:00
118,15:00,18:45
16,19:15,05:00
118,15:15,05:45
132,16:45,18:15
4,18:30,06:15
118,16:45,06:15
118,15:45,06:15
118,16:30,23:00
2.3,09:15,10:30
8,10:45,12:15
8,12:30,15:45
8,15:45,17:45
6,17:00,07:30
52,15:45,07:15
4,08:15,09:00
4,10:30,15:00
5,15:15,18:00
5,18:15,23:00
6,09:15,11:45
5,12:15,14:30
3.5,14:45,16:15
3.5,16:30,18:15
5,21:30,08:15
35.5,09:15,11:15
35.5,12:15,08:15
6,09:15,11:00
5,12:30,08:15
7.5,12:30,08:15
8,12:15,13:00
2,13:15,17:00
4,17:32,09:00
2.5,09:45,12:30
2.5,12:45,19:15
2.5,19:30,23:49
2.5,23:00,23:00
2.6,11:45,18:45
5.6,19:15,20:15
6,20:15,12:39
2.8,18:15,19:30
1.6,19:23,14:45
7.6,15:15,17:45
2.1,17:00,19:00
6,19:15,07:15
2.4,18:37,23:00
13,10:00,11:30
24.5,13:00,07:15
4,07:30,08:00
12,09:45,14:15
18,15:00,08:15
5,14:00,17:00
4,18:00,09:15
5,10:45,11:30
6.4,12:15,17:00
5,17:00,15:00
5,16:00,23:00
9,10:15,11:45
3,12:30,13:15
50,15:30,10:30
2,10:45,11:00
5,12:00,12:30
6.5,12:45,14:15
25,14:45,15:30
30,16:15,17:00
6,18:15,08:30
9,12:45,14:30
37,15:00,15:30
37,16:15,08:45
17,17:30,18:45
2,19:30,08:47
10.5,17:15,18:45
5,19:00,22:00
43,22:45,03:00
43,04:30,10:11
1.5,10:15,10:00
1.5,10:00,13:45
1.5,13:45,15:45
1,15:00,16:00
0.8,16:00,08:30
49.5,15:30,15:00
7.3,17:37,23:00
211,15:45,09:30
65,10:45,14:30
65,16:30,20:00
53,17:15,07:15
56,17:30,07:30
56,17:30,19:00
46,20:15,07:30
56,17:30,18:00
2,18:15,22:30
2,22:33,23:00
60.2,15:00,06:30
24.4,23:37,06:38
46,13:38,15:30
30.4,01:11,18:00
8,18:15,11:00
2.4,12:15,13:30
16.8,13:45,17:30
79.3,16:00,07:45
68,17:30,07:45
68,17:23,23:00
40,16:15,17:45
5,18:30,18:45
3,19:00,21:00
3,21:15,18:00
7,20:15,20:23
23,15:30,16:15
18.5,17:15,18:45
7.2,09:45,12:00
4.2,12:15,17:48
5,18:00,08:45
5,08:48,12:00
5,12:15,06:00
4,07:15,08:15
31,09:30,17:15
30,19:11,07:30
7,13:15,13:30
5,13:45,15:00
5,15:15,15:30
24,16:00,18:34
7,18:45,19:30
7,19:31,07:38
3,07:45,09:15
5,09:30,11:45
5,11:00,12:00
6,12:15,08:38
2,11:32,11:45
2,16:33,16:00
55.5,18:01,23:00
50,22:30,10:15
54,14:37,10:45
11,11:15,14:01
11,14:15,23:00
32,13:15,17:30
8,17:45,22:15
8,22:30,15:00
76,14:00,11:30
16,15:45,09:45
18,11:00,12:30
34,18:45,19:00
14,20:30,10:15
16,12:45,16:30
14,17:45,23:00
15,12:15,18:30
15,18:45,05:30
14,05:45,07:00
48,16:45,16:45
33,19:45,07:00
64,18:30,05:30
14,05:45,07:00
69,21:30,05:45
14,05:00,07:30
105,19:15,07:30
98,16:45,18:30
15,18:45,21:00
15,21:15,23:00
20,16:45,17:30
10,18:30,13:45
40,14:30,16:00
40,16:45,05:45
186,17:30,05:45
186,13:00,16:30
22,18:15,23:00
3,10:30,18:45
10,19:00,21:00
10,21:15,04:00
34,15:00,04:00
34,15:00,04:00
34,15:45,16:30
10,16:45,21:00
10,21:15,04:00
34,15:00,16:30
12,16:45,19:00
12,19:15,04:00
34,15:45,19:00
12,19:15,21:30
12,21:45,10:15
4,10:45,13:30
24,15:00,17:00
24,18:00,23:00
18,13:00,15:00
16,15:45,19:45
1,19:48,21:00
1,21:00,11:00
6,11:45,11:00
2,11:30,14:45
20,15:45,07:45
2,08:30,09:30
24,12:30,19:00
12,19:15,21:30
12,21:45,10:45
2,10:45,23:00
5.4,13:15,15:15
5.4,19:15,06:45
15,07:15,11:00
22,13:30,14:45
13.7,18:30,20:30
12,20:45,08:30
5.4,12:15,15:15
5.4,20:15,07:00
25.4,19:15,08:45
5.4,12:37,13:00
20,17:00,18:30
5.4,19:30,11:00
5.4,12:37,19:30
5.4,20:15,08:15
9.2,13:30,14:45
29.7,19:57,23:00
30,16:00,19:15
7,19:30,20:15
7,20:30,06:45
17,12:30,13:30
15,15:00,15:15
70,18:45,06:30
31,18:45,19:00
5,19:15,19:45
8,20:00,06:45
24,18:45,08:45
18,18:30,13:00
24,15:00,17:15
8,17:45,17:45
24,18:30,06:30
24,18:15,23:00
14,13:30,07:30
732,15:15,17:00
4,17:15,20:00
4,20:15,23:00
32,10:30,09:15
50,10:00,11:15
50,11:00,23:00
31,09:57,15:45
12,17:00,15:30
2.5,15:30,15:00
2.5,15:45,23:00
70,11:15,10:15
5,10:15,23:00
1,08:15,09:15
1,09:30,09:30
30,11:30,11:00
2,19:15,12:00
40,15:30,10:00
2,16:15,12:30
2,20:15,08:00
60,15:45,23:00
28,15:30,08:00
4,08:45,06:45
28,15:45,06:45
28,16:15,08:00
448,16:00,23:00
7,16:38,18:00
34,18:00,22:00
34,22:45,15:00
7,16:45,13:00
37,14:00,14:15
39,15:15,19:30
6,19:45,22:00
6,22:15,14:00
7,15:15,17:30
33,18:30,10:30
3.5,19:30,20:30
3.5,20:45,23:00
5,16:00,13:00
5,13:30,13:00
10,14:00,14:45
5,15:30,13:45
22,15:45,22:45
40,23:00,14:30
5,14:00,18:15
13.3,20:00,12:00
5,12:30,13:00
72,16:15,23:00
4.8,14:30,15:15
21,15:45,16:45
34,18:00,05:45
4.8,14:30,08:15
76,10:45,15:30
27,20:30,05:45
4.8,14:30,05:45
4.8,14:30,15:00
3,15:15,16:30
3,16:45,05:45
4.8,14:30,15:00
8.2,16:15,23:00
1.5,09:00,11:30
1.5,11:30,12:45
38,13:51,07:45
16.6,08:30,08:45
38.2,10:30,11:30
35,13:00,08:45
35.5,11:30,16:30
36,18:00,23:00
310,21:30,07:45
13,08:15,11:45
17.5,13:15,11:00
14,13:15,18:30
1,18:15,18:30
1,18:45,19:15
20,17:30,13:45
0.8,14:00,15:45
25.3,18:00,23:00
1,07:30,09:00
2,10:30,08:45
1,08:45,10:00
5,11:00,10:00
3,10:30,12:30
3,12:45,08:00
1.2,08:00,10:30
0.5,10:45,08:00
3,08:30,10:00
3,10:00,07:15
1,07:30,09:00
1,09:30,10:00
0.5,10:15,11:00
0.5,11:15,08:00
1,08:30,09:30
1,10:00,10:30
4,13:00,23:00
100,17:15,08:00
100,18:45,08:00
100,17:15,08:00
100,18:30,08:00
100,18:30,23:00
80,15:45,19:30
8.5,19:00,21:00
8.5,22:15,12:30
2,12:45,13:15
2,13:30,23:00
84.2,07:30,23:00
6,17:30,07:15
6,17:30,18:00
6,18:30,22:15
7,22:30,07:15
6,17:32,07:15
6,17:30,07:15
6,13:15,14:30
4,15:15,23:00
802,15:30,20:15
6,20:30,08:00
13.2,08:45,09:30
8.5,09:45,09:45
8.5,10:15,23:00
4,18:45,19:45
4,20:00,09:30
1,09:45,09:00
10,10:45,15:45
8,17:15,11:00
3,11:30,10:30
4,11:30,17:00
8,18:15,16:00
32,18:45,12:30
76,15:45,17:00
8,18:15,23:00
23.2,16:15,11:45
42,13:30,15:00
39.5,16:30,09:00
88.3,13:15,08:36
16,10:15,11:15
16,13:00,23:00
26,16:00,10:30
7.6,12:30,10:30
9,12:45,12:30
9,14:30,23:00
12,09:30,12:00
22,14:30,12:45
20,15:15,06:00
20,06:30,06:00
20,06:30,11:30
6,12:15,06:00
20,06:30,11:00
20,12:30,23:00
11.5,10:45,11:45
8,12:00,15:00
6.3,15:30,17:48
6.2,18:30,12:57
13.2,13:36,15:47
6.9,16:00,17:15
8.1,17:31,08:48
8,09:00,10:00
10.3,12:00,16:01
2.4,17:15,07:57
7.1,08:15,09:30
9.2,10:00,15:15
12.8,15:49,18:38
13.3,20:47,13:00
6.9,14:15,15:30
8,15:32,17:38
14.4,18:01,23:00
19.6,18:37,07:15
19.6,14:48,09:15
6.1,12:37,09:30
18.4,11:15,11:15
29.5,14:00,16:15
14.2,16:45,07:15
19.6,13:01,13:33
19.6,19:11,07:11
20.2,13:15,13:30
19.6,17:45,19:15
7.9,19:30,21:30
7.9,21:30,07:11
18.6,17:34,18:45
14.4,19:30,23:00
6,10:15,15:00
15,17:30,10:15
3,10:30,12:00
3,12:15,13:15
6,15:30,08:45
6,12:15,13:45
8,15:15,08:00
8,10:00,14:45
8,16:15,18:00
8,19:45,08:15
6,09:00,09:45
3,09:45,10:45
3,10:45,13:30
10.5,16:15,17:15
44,22:45,08:15
3,08:30,15:00
2.5,15:15,15:00
2.5,16:00,16:45
8,18:15,23:00
270,18:30,13:00
8,15:00,15:15
2.5,15:30,16:15
2.5,16:30,23:00
2.2,08:45,11:15
60,14:15,11:30
74,12:32,16:30
74,17:30,18:15
11,18:30,22:30
11,22:45,10:00
15.5,17:45,08:45
21.5,14:30,16:30
7.5,16:00,11:00
12,11:45,14:00
1.4,14:15,23:00
2.2,12:15,11:15
14,18:30,11:30
6,18:15,23:00
7.8,20:15,13:30
3.2,13:45,16:45
12,12:00,11:15
5.8,12:45,11:15
15.7,13:30,13:45
2.8,14:15,18:15
5,20:30,08:30
3,09:00,11:30
9,13:30,14:00
5.7,17:30,23:00
4,16:15,08:00
20,09:15,23:00
5.6,08:15,23:00
8,19:00,21:11
8,21:30,07:45
139,18:00,18:57
16,19:51,07:30
139,18:30,07:30
132,17:15,18:15
4,19:00,19:11
1,19:15,20:30
8,20:39,09:38
63,10:11,19:30
45,19:47,21:11
18,21:00,07:37
142,17:57,18:48
18,19:30,07:15
55,19:15,22:00
30,23:30,23:00
109.6,16:49,17:15
144.2,17:15,21:15
39.6,19:15,20:30
8,20:39,16:38
34.6,17:15,17:15
28.5,11:47,07:00
79.2,16:45,17:00
144,16:39,17:00
5,11:45,10:00
4,11:00,10:00
5,11:30,09:45
7,11:15,14:00
8,16:45,09:30
11,11:30,14:15
7,16:15,09:45
8,11:00,16:00
8,20:00,10:00
4,11:15,14:30
3,14:45,16:15
3,16:15,18:30
4,20:15,23:00
32,10:33,10:45
4,11:30,18:00
45,08:15,14:15
1.8,14:47,11:30
1.3,11:45,12:30
73,18:00,23:00
15,09:30,14:00
2,14:15,15:00
15,15:30,05:15
52,15:15,04:45
52,14:45,08:15
58,09:45,16:45
58,17:00,04:45
52,14:45,14:46
0.6,14:57,04:30
78,13:00,23:00
62,11:30,13:00
10,16:30,15:00
4,17:30,10:30
7,11:30,09:15
85,11:15,11:15
7,11:00,23:00
2.2,09:30,14:45
13,15:15,08:45
11.8,12:15,13:48
22,18:23,07:45
22,12:15,16:30
21.3,21:15,08:45
11.8,12:15,13:45
22,17:30,17:30
69,21:45,07:45
30.6,13:00,16:00
21,17:15,23:00
61,12:15,06:00
34,09:30,10:00
72,18:15,07:00
68,18:15,06:00
66,17:00,17:45
34,18:30,18:45
5.5,18:45,21:30
5.5,21:38,07:00
67,16:30,18:49
23,19:30,23:00
13,11:11,14:45
13,15:15,18:30
5,18:00,16:00
17.4,17:45,18:45
9,19:30,20:00
9,21:00,06:00
12,10:00,15:00
155,17:45,18:15
5,18:30,01:00
5,01:15,09:00
4,09:15,18:00
110,19:45,07:00
565,14:00,15:30
6,15:45,16:00
10,16:15,07:15
220,16:15,07:15
90,13:45,16:00
10,17:15,18:00
300,15:30,16:00
100,18:15,23:00
9.6,20:00,07:45
14.8,18:15,07:45
9.6,14:30,07:45
9.6,14:15,23:00
52,08:15,11:15
52,12:15,12:30
10,13:30,13:00
7.1,14:00,07:45
7.2,09:30,16:30
7,17:30,23:00
26,20:00,09:30
15,13:30,14:00
25,15:31,17:30
26,18:15,10:01
15,17:30,19:15
8,23:23,10:15
25.5,21:15,10:00
16,17:15,09:33
38,23:51,23:00
1.1,10:45,10:00
1,11:15,11:30
1,11:30,16:30
2.2,16:45,16:15
47.2,16:47,16:15
1.8,18:36,09:45
46.8,10:33,12:31
1,12:45,23:00
30,13:45,07:15
56,16:45,08:30
56,17:15,07:15
56,17:30,21:15
1,21:15,08:30
56,16:45,17:15
51,18:45,19:30
25,20:00,00:45
25,01:15,11:15
10,11:30,14:15
10,14:30,14:45
2,15:15,23:00
20,19:00,14:30
3,15:15,16:00
20,18:15,11:45
24,16:00,23:00
32,15:45,08:30
34,17:00,06:57
25.5,14:00,06:30
39,16:11,23:00
36,16:00,19:45
20,20:30,23:00
2.6,13:45,15:15
3.1,15:30,10:15
4.1,10:00,11:15
2.5,11:15,12:00
27,13:32,16:00
31,16:45,13:45
2.1,13:45,14:00
2.5,14:00,09:45
3.4,10:15,12:45
2.6,13:15,13:30
2.6,13:49,12:00
2.5,12:57,13:15
2.5,13:11,11:45
6.6,12:00,12:45
2.4,12:00,13:00
3.3,14:00,14:30
1.6,14:45,16:45
1.9,16:00,17:47
2.5,17:54,23:00
3.5,19:00,21:15
3.5,21:30,10:30
49,19:15,10:15
44.4,19:30,09:00
43,18:00,10:30
42,18:54,08:32
44,16:51,09:30
52,18:01,18:15
2,18:11,23:00
3,10:15,11:15
3,11:30,11:30
40,14:45,15:30
25,16:15,15:15
7.5,15:30,16:15
7.5,16:30,15:00
6,16:15,16:15
20,17:15,23:00
6,21:45,11:00
6,19:15,19:45
2.9,19:45,21:15
2.9,21:15,23:00
107,16:45,06:30
107,16:15,06:30
107,16:30,06:30
107,16:15,16:30
44,18:15,06:45
107,16:15,17:45
5,19:15,23:00
1.6,08:15,12:00
1.6,12:15,16:15
296,19:30,07:45
2.6,09:00,07:00
19.6,12:15,16:15
58,19:15,10:15
18,11:00,16:15
58,19:45,07:00
460,11:30,12:30
27.5,15:00,17:00
28,12:45,13:30
4,17:15,13:30
13,13:45,15:15
13,15:30,18:15
2,18:30,19:45
2,19:00,14:45
28,16:45,19:00
18,20:00,16:15
14,16:45,18:00
14,18:30,08:30
28,12:30,14:00
60,15:00,17:15
60,18:30,23:00
9.3,09:30,14:54
7,15:23,11:30
4.3,17:15,23:00
232,19:45,22:45
27,23:15,08:15
56,15:30,11:45
12,15:45,08:15
56,17:45,18:45
4,19:15,08:15
54,17:30,23:00
170,21:15,08:45
132,18:00,23:00
133,02:00,11:15
22,13:15,11:30
7,11:46,14:11
7.5,14:38,08:15
172,19:00,07:00
183,21:45,23:00
16,11:15,10:15
18,10:45,07:00
116,14:15,19:45
12,23:00,12:30
14,13:15,17:00
14,18:45,10:15
6,10:30,23:00
4,19:45,22:00
4,22:15,09:00
3.5,09:15,11:30
3.5,11:45,14:15
30,16:00,09:45
9,06:45,09:30
14,09:45,09:30
51,10:15,12:45
58,14:15,23:00
36,12:45,18:30
430,23:00,11:00
28,19:00,18:15
44,19:00,21:45
44,22:30,18:30
85,10:15,15:30
85,21:30,23:00
40,15:45,09:00
10,12:45,05:45
40,15:45,18:45
15,18:00,20:30
15,20:00,05:30
58,17:45,05:45
40,15:45,05:30
40,15:00,15:30
10,17:00,23:00
8,15:00,09:45
12,11:15,11:15
12,12:30,18:30
6,19:15,23:00
11,09:45,14:00
7,15:30,08:45
22,13:30,11:45
22,20:30,11:00
11,12:30,13:45
22,09:30,16:30
2.8,16:45,18:00
2.8,18:15,23:00
5,14:30,14:45
10,15:57,07:00
5,13:30,07:00
8.8,15:45,09:30
4.2,09:45,10:45
4.2,10:00,07:00
165,15:30,15:45
4.2,16:00,16:51
4.2,17:15,07:15
5.1,11:48,12:15
4.2,12:30,13:15
4.2,13:30,15:15
5.1,19:30,07:00
5,14:30,16:00
4.2,16:30,17:00
6.6,18:15,23:00
5.5,12:34,13:15
5.5,13:30,10:15
7.7,11:15,11:30
5.5,11:45,12:31
6.7,12:45,11:45
5.5,11:48,12:30
6.8,12:45,08:00
340,13:00,23:00
272,17:15,09:30
276,16:45,08:30
272,18:00,15:45
112,21:45,08:45
274,16:45,12:30
16,13:45,23:00
80,22:45,04:30
238,20:30,03:45
92,14:30,03:45
94,16:30,03:45
126,22:00,03:30
224,14:45,04:30
174,16:45,20:30
35,21:15,23:15
35,23:00,23:00
44,15:45,05:00
44,15:45,18:54
0.6,18:57,21:45
0.6,21:45,05:00
45,16:30,05:01
44,15:37,05:00
44,12:45,08:30
11,09:15,14:45
24,15:15,20:36
24,21:15,23:00
26,12:30,14:45
22,16:00,07:36
18,17:46,11:00
14.9,12:38,15:15
18.1,16:32,17:15
34.5,12:30,19:15
9.1,19:30,21:15
9.1,21:30,07:36
28.8,12:48,15:15
10,15:23,07:45
26.8,12:15,23:00
157,19:30,06:30
49.2,18:37,15:30
15.3,16:15,10:30
41,12:11,15:00
5.3,15:15,16:30
5.3,16:30,06:31
43.2,11:45,23:00
90,11:45,12:00
90,13:00,23:00
13,09:30,14:45
4,15:00,15:30
9,15:45,15:00
16,17:00,17:45
8,17:54,20:45
8.5,21:15,23:00
3,19:15,22:45
3,23:00,11:30
6,13:00,10:00
3,10:15,12:00
3,12:15,14:45
10,15:00,22:45
10,23:00,18:00
3,18:15,21:00
3,22:15,12:00
6,12:45,16:00
26,18:30,09:30
3,09:45,11:15
3,11:30,23:00
3.3,16:15,08:30
4,14:38,08:30
51,09:15,16:15
49,16:45,08:30
3,08:30,11:15
3,11:15,08:30
3,08:45,10:45
3,10:00,14:45
5,15:15,23:00
3,13:00,23:00
16.2,16:30,06:30
24.3,17:00,06:30
21.9,17:30,06:30
25.6,17:15,23:00
35,11:45,04:45
52,14:45,04:45
52,15:15,04:46
52,14:30,04:48
52,15:45,04:45
52,14:57,23:00
16,20:15,15:00
63,17:00,12:00
7,13:15,14:00
7,14:15,17:00
20,17:45,17:30
14,17:45,18:30
11,18:45,06:15
180,17:30,23:00
18,16:00,18:00
4,19:45,06:45
16,14:15,02:15
15,02:30,06:45
16,15:45,16:15
8,17:15,17:00
2,17:15,17:30
2,17:45,23:00
36,19:45,08:00
68,07:15,17:15
2,17:15,18:30
15,18:45,06:45
17,16:15,19:00
3.5,20:00,21:45
3.5,21:00,06:45
16,16:00,23:00
3.8,08:00,12:30
25.1,20:45,05:45
54.6,17:30,10:39
6,11:15,17:30
1.6,17:30,19:00
2.6,07:32,05:32
24.4,14:30,05:30
24.4,14:30,18:00
2,19:00,19:15
2,19:30,23:00
150,16:15,09:30
16.5,15:30,19:15
3,19:30,20:30
3,20:45,22:15
3,22:30,09:00
153,19:30,06:30
153,19:30,06:30
150,20:00,23:00
3,07:00,12:45
2.5,13:00,15:15
4.2,17:15,07:45
3,07:00,12:15
4.2,13:15,14:45
25.2,16:15,07:45
3,07:00,12:00
3,13:15,18:15
15.2,18:36,19:00
14.2,20:00,15:30
7.8,18:15,18:32
25.2,19:15,11:00
3.6,11:34,12:45
6.6,13:45,19:45
9,19:00,23:00
5.2,17:30,18:45
4,21:49,06:51
5.2,17:15,07:15
5.2,17:15,18:30
4,21:15,07:00
6,13:30,16:45
3.4,17:15,17:23
4.4,18:31,07:00
4.5,13:01,13:45
9.9,15:15,14:45
14.5,15:11,19:45
9,19:00,20:46
19,21:15,11:45
2.6,11:45,11:00
2.6,12:15,12:00
6,13:15,14:30
6,14:39,23:00
3,09:15,10:30
3,10:45,10:00
3,10:45,23:00
12,14:30,15:00
12,15:30,08:15
30,18:00,10:45
6,11:45,14:45
28,15:30,11:00
4,11:45,15:00
3,15:15,16:15
3,16:30,14:30
3,14:34,16:00
3,17:00,09:15
12,10:30,12:30
28,13:15,23:00
10,08:00,16:15
11.5,17:15,08:30
10,08:00,10:00
60,11:45,15:30
15,16:30,09:15
5.5,09:45,11:00
3.5,11:15,14:15
41,16:30,07:45
10,07:00,10:00
114,17:30,18:45
3,18:00,20:45
3,21:15,14:30
76,22:15,13:45
3,14:00,15:45
10.5,16:47,12:15
97.2,14:00,18:00
96,20:15,23:00
7.2,16:45,08:45
6.7,19:00,07:38
13.5,22:15,08:32
13,16:32,07:45
18,19:15,22:00
12.6,23:30,07:45
4.2,07:00,08:00
22.4,16:45,18:30
5.3,14:15,23:00
11,12:00,18:30
3,18:30,20:30
3,20:45,09:00
36,12:15,13:00
102,15:00,16:15
74,20:45,09:45
17,10:15,11:45
17,12:15,15:45
96,20:15,10:45
6,11:15,16:45
46,19:36,17:15
8,18:30,11:15
27,12:30,19:30
12,19:38,20:15
12,20:30,23:00
8,10:45,14:30
5,14:45,15:30
5,15:45,14:00
0.3,14:15,23:00
98,15:30,15:45
30,17:45,05:15
98,15:00,05:15
98,15:15,05:15
98,15:00,18:15
16,18:30,22:00
16,22:30,17:00
5.2,17:45,05:30
98,15:00,23:00
6,12:38,16:00
80,19:00,14:15
8,16:15,17:15
80,20:15,23:00
67,17:00,19:30
3.2,19:45,13:15
3.6,13:30,16:00
10.6,16:30,18:30
10.6,18:45,19:00
7.4,22:30,06:30
74.5,16:30,07:30
24,16:45,07:30
29,19:45,19:45
7.4,22:15,07:15
54.5,16:15,18:15
6,20:15,23:00
20,13:00,16:30
5,16:45,18:30
5,18:45,14:30
9,15:30,10:15
3.7,10:30,12:15
3.7,12:30,13:45
3,13:45,15:00
3,15:15,15:15
19,16:00,14:00
22.2,16:15,10:30
23,14:45,11:30
4,12:00,14:00
11.8,15:30,23:00
4,16:45,20:30
4,20:30,21:30
48.5,06:45,18:45
10,19:45,19:00
5.7,20:15,00:15
1.4,00:15,18:00
4.9,18:15,21:45
4.1,21:47,13:30
46,20:45,19:00
2.5,19:15,22:00
2.5,22:45,16:00
25,18:00,20:00
2.5,20:15,22:30
2.5,22:45,13:30
46,22:45,23:00
6,19:15,22:00
6,22:15,07:30
14,11:37,13:00
6,13:15,15:30
6,15:45,14:00
6,15:15,21:15
6,21:15,07:30
14,11:45,13:30
70,15:45,17:45
14,21:45,14:15
12,15:15,19:00
6,19:15,23:15
6,23:15,09:30
24,13:30,17:00
58,21:30,23:00
12,11:30,13:00
17,14:30,15:45
6.8,16:15,18:45
7.3,18:00,07:30
10.6,15:30,13:15
9,15:15,16:45
83,17:45,18:30
22.5,09:45,12:30
95,14:00,08:30
11.1,13:45,23:00
24.3,16:00,09:00
1.7,09:15,09:30
3.4,09:45,09:45
2.1,10:00,11:45
2.1,11:00,10:15
4.3,10:15,11:45
4.3,12:00,15:30
74,18:45,15:15
24.5,15:30,17:00
24.5,18:15,12:30
1.6,14:15,08:45
3.4,09:15,09:30
33,10:54,19:30
10.1,19:45,20:45
10.1,20:54,23:00
35.2,18:23,06:45
85,07:00,13:45
50,14:45,18:15
17,18:45,23:45
17,23:00,12:45
50,13:45,06:00
30,16:15,07:00
30,16:01,16:30
20,17:45,06:00
30,15:00,23:00
105.8,00:15,14:30
20.2,17:15,19:00
1.6,22:00,18:30
1.2,18:45,23:45
1.2,00:15,23:00
60,14:00,02:15
60,14:00,02:15
60,14:00,02:15
51,14:15,14:15
20,14:00,02:15
60,14:00,16:00
5.5,17:30,06:15
60,10:30,10:45
2.4,11:45,13:15
8,13:30,15:00
8,15:30,23:00
122.3,19:54,10:45
57.3,14:30,07:30
1.4,07:37,11:45
7.4,12:30,07:00
50,08:30,08:30
22,10:15,16:15
1.6,16:33,23:00
115.9,12:15,14:30
16.9,14:49,16:15
26.4,17:30,08:15
25.7,09:15,17:30
19,18:00,23:00
18,15:30,07:30
32,08:30,14:30
32,15:00,07:15
32,08:00,11:00
25,13:00,06:30
50,08:00,09:00
30,10:15,11:00
32,15:30,10:00
36,11:30,18:00
50,19:15,19:30
8,19:00,21:30
8,21:00,23:00
80,17:15,18:45
59,20:30,06:00
80,16:45,18:15
24,19:45,20:15
15,20:30,21:30
15,22:00,05:00
80,17:15,19:00
16,20:30,09:45
40,12:45,18:00
6,18:15,18:30
6,18:30,10:00
55,13:15,05:45
80,16:45,17:15
16,18:15,23:00
3.5,15:00,16:15
3.5,16:30,18:15
6,18:00,08:00
6,08:45,10:30
70,12:15,14:45
3,15:15,10:00
186,12:15,12:45
4,19:47,19:00
3,19:15,20:00
3,20:57,09:30
76,10:45,14:00
80,16:15,23:00
440,19:00,23:00
33,17:00,17:30
5,17:45,18:30
5,18:45,08:00
6,18:45,08:15
33,13:00,17:15
5.5,18:00,08:00
34,13:00,08:00
34,13:15,14:00
28,15:45,16:00
5,16:45,10:00
6.5,11:00,12:45
2,13:00,17:00
2,17:00,17:45
2,17:48,23:00
820,18:30,18:45
25,19:15,23:30
30,00:00,10:45
20,11:15,12:45
20,13:00,23:00
74,16:15,17:00
2,17:15,17:45
5.4,18:01,09:45
2,09:00,10:45
14,11:15,15:00
14,15:30,07:15
74,17:15,06:00
74,17:38,06:15
74,15:45,17:00
3,17:31,06:30
74,16:32,23:00
4,18:45,18:45
14,19:15,23:00
14,23:30,10:45
3,10:00,07:00
4,18:45,08:00
4,15:15,15:15
18,16:15,07:45
4,20:30,07:45
4,20:15,23:00
0.6,09:15,13:45
1,14:15,23:00
104,14:00,07:30
104,14:00,07:15
104,15:00,10:15
1,11:30,17:30
30,18:30,10:45
10,11:45,07:15
104,15:15,23:00
41,17:15,07:30
6,09:00,09:00
1.5,09:45,11:00
1.5,11:15,08:15
15,16:30,08:15
14,16:30,09:15
11,14:00,15:00
4.4,16:45,18:45
1.5,18:45,20:15
1.5,20:30,07:30
10,15:45,16:45
6,21:15,21:30
4,21:45,23:00
42,17:00,07:30
42,17:30,07:15
68,17:15,07:15
42,16:45,17:00
38,17:30,17:00
37,18:15,13:30
42,16:30,12:15
38,12:45,13:00
37,14:30,07:11
42,17:45,17:45
37,18:15,18:45
37,19:30,23:00
10,16:30,06:45
28,16:00,19:15
25,19:45,06:45
10,16:30,07:00
10,13:30,07:45
103,11:15,12:00
20,12:30,15:30
20,15:00,11:45
280,21:30,07:45
28,17:45,20:00
25,20:30,23:00
1.6,17:15,15:15
6.1,16:48,16:00
8.3,17:45,23:00
0.7,09:31,22:00
1,22:00,10:15
1.4,10:30,11:15
25,14:00,19:00
1,19:00,09:30
0.7,09:32,10:00
0.7,10:00,15:30
0.7,15:30,16:45
0.7,16:45,19:00
16,19:30,22:00
17,22:30,09:30
0.7,09:32,10:30
0.7,10:30,14:00
1.4,15:32,18:45
0.7,18:45,18:00
0.7,19:00,09:30
0.7,09:31,10:15
0.7,10:15,12:30
1,12:23,14:30
0.7,14:32,09:30
2.9,11:00,18:00
0.7,18:00,18:30
0.7,18:33,09:30
4.4,10:33,19:00
1,19:00,21:00
1,21:00,09:30
0.7,09:32,09:45
1.2,10:30,10:45
5,12:45,19:00
2,19:15,22:45
2,23:00,23:00
0.8,21:30,07:30
84,17:45,23:00
5,10:00,06:15
6,13:30,08:45
8,09:45,11:45
6,18:00,06:15
8,13:00,23:00
4,11:30,12:36
4,12:45,16:45
7.5,17:46,07:45
176,09:45,17:45
176,19:15,02:15
4,10:51,12:00
4,12:15,18:36
1.5,18:45,22:30
1.5,22:36,02:15
8,12:30,02:15
10,12:45,02:11
8,11:30,11:31
3,11:45,23:00
31.5,16:30,06:30
5,17:30,06:30
4,12:51,06:30
10,18:15,06:23
3,17:15,23:00
12.6,19:15,21:45
11.7,21:57,17:48
12.6,18:00,19:11
11.7,19:30,17:15
35,17:38,19:45
20,19:00,13:45
2.4,14:15,09:45
150,11:00,16:30
150,17:00,23:00
4.8,18:57,20:30
4.8,20:34,05:15
48,15:45,15:00
18,16:15,08:00
24,10:00,14:45
27.8,16:48,05:15
66,15:15,14:30
200,19:30,07:46
74,20:30,23:00
9.4,12:30,05:45
24,14:37,16:15
24,20:30,05:00
24,20:15,16:15
24,20:23,15:15
9.4,16:00,23:00
4.6,05:00,14:30
9.4,15:45,21:15
16.1,06:00,14:30
21.8,17:15,21:15
9.2,05:00,05:15
9.2,14:00,05:15
11.3,14:15,17:30
20,20:30,23:00
15,15:30,09:00
88,17:45,23:00
42.5,13:15,11:45
80,15:15,19:15
20,19:30,04:15
40,14:15,14:45
20,16:45,18:15
20,18:30,23:00
9.5,16:30,17:00
7,17:30,19:45
5,19:00,22:15
5,22:30,14:15
27.3,16:15,10:15
6,11:30,11:00
29.5,14:45,17:00
6,17:30,18:45
3,18:45,22:15
3,22:30,13:00
42,14:45,18:00
42,18:00,07:00
3,07:00,10:30
3,10:30,23:00
10,11:45,14:30
3,14:45,20:45
2.6,20:00,10:45
19.2,13:00,23:00
184,15:45,04:45
186,13:00,19:00
11,19:30,13:00
91,14:15,19:30
91,20:45,04:45
162,16:30,05:00
176,17:15,04:45
168,17:45,23:00
50,14:00,14:00
1,17:45,14:00
20,16:30,23:00
80,15:30,07:34
316,18:15,07:15
80,15:34,07:11
80,15:30,07:15
80,15:33,23:00
382,20:38,06:00
181,14:00,14:15
22,15:15,23:00
38,13:30,15:00
8,15:30,17:45
7,18:45,08:45
32,16:30,22:45
34,23:15,13:45
2,13:00,07:00
30,13:30,14:45
2,14:00,19:00
1,19:15,20:30
7,20:00,07:00
31,13:00,18:15
17,18:30,22:00
17,22:30,07:00
30,12:45,13:45
30,18:00,07:45
4,07:54,10:00
24,12:45,19:15
34,20:00,23:00
32,13:30,18:00
25,18:30,23:00
15,23:30,04:00
20,04:30,17:00
4,17:45,20:00
4,20:15,19:00
6,17:45,19:00
2,19:15,07:15
30,13:30,17:00
2,17:15,19:30
17,19:00,21:30
17.5,21:00,23:00
1.6,06:15,16:00
56,18:30,19:15
7,19:30,10:45
32.2,12:00,16:30
110.7,15:45,16:30
7,16:45,19:15
7,19:15,06:15
1.6,06:30,08:30
151.6,17:45,08:45
120.4,10:45,10:00
8,11:00,17:15
125,19:15,06:45
12,07:30,11:00
7,11:15,09:00
52,11:00,12:15
53,13:15,23:00
16,18:15,13:00
42,16:45,13:15
28,16:15,09:00
6,10:45,13:30
28,16:30,11:15
24,11:45,17:30
24,18:15,23:00
6,11:15,15:15
5,15:38,16:00
12,16:30,17:00
12,17:30,11:15
80,17:30,19:00
4,20:30,14:00
52,15:00,18:30
52,19:30,23:00
15,02:45,09:30
34,20:30,20:45
37,08:30,09:45
34,15:45,08:15
34,18:45,19:45
37,14:30,10:00
18.5,11:15,21:00
18.5,22:15,23:00
26,06:01,05:30
26,05:00,14:00
4.2,15:45,12:45
27.7,14:23,20:30
26,21:15,05:30
26,05:00,15:30
26,16:00,20:30
26,20:45,10:15
3,10:45,11:30
28.5,13:30,20:30
26,20:00,23:00
26.6,04:45,08:30
50.2,19:30,15:00
17.6,18:46,04:00
26.6,04:45,08:30
54.3,19:30,15:15
17.6,19:15,08:30
41.4,18:30,08:00
19.2,09:30,11:39
19.8,12:47,15:15
8.1,15:30,17:45
8.1,17:47,23:00
26.6,12:30,04:15
26.6,11:00,07:30
17.6,07:00,23:00
7.9,18:30,20:00
7.9,21:00,17:30
7.9,17:45,20:00
7.9,20:15,18:00
7.9,18:15,21:30
7.9,21:45,16:00
29,17:15,14:15
1.6,14:30,18:15
1.6,18:15,23:00
16,11:00,13:00
3.8,14:30,07:15
16,12:48,07:15
16,12:47,07:15
16,13:15,16:30
7.8,16:48,18:15
7.8,18:32,07:15
16,11:00,11:30
3,15:45,10:01
8.2,10:45,23:00
14,09:45,16:00
1,16:15,16:30
1,16:45,07:00
11,09:15,09:30
5.9,10:00,16:15
1.5,16:15,16:45
1.5,16:45,07:00
2.2,07:45,08:30
2.2,08:36,16:30
25,17:00,08:01
2.5,08:15,08:45
2.5,08:45,11:00
5.6,11:45,19:30
2.5,19:37,22:15
7.5,22:30,07:00
2.5,08:15,08:45
2.5,08:00,13:45
20,15:00,08:15
5,09:01,08:30
4,08:30,09:15
4,09:15,15:15
5.8,15:30,16:15
5.8,16:30,17:15
9.1,17:33,20:15
9.1,20:32,23:00
62,21:15,20:15
30,21:30,14:30
70,16:45,09:15
20,16:45,18:00
2,18:15,22:36
12,22:00,13:30
30,14:15,16:30
30,17:15,17:45
12,17:45,19:45
12,20:00,15:15
12,15:30,09:15
24,11:15,13:45
84,18:00,20:30
57,21:15,23:00
50,17:15,17:45
9.5,17:45,19:00
11.2,20:15,16:57
24.7,18:15,06:38
54.3,17:15,06:45
50,17:00,23:00
14,08:00,09:45
4,11:15,13:00
14,13:45,19:30
17,20:30,14:30
4,15:15,10:30
38.4,12:37,08:45
4,10:15,13:00
14,13:45,23:00
17.2,17:45,17:00
17,18:00,22:45
3,22:00,07:45
14,08:00,10:00
37.2,12:30,13:11
38,20:00,23:30
8,23:45,14:49
2,14:45,18:15
2,18:15,07:30
14,08:00,07:30
9,15:45,07:45
7,08:00,13:15
14,13:45,13:00
4,14:15,14:30
29,08:00,13:15
14,13:45,15:45
6,18:45,23:00
8,16:15,18:00
10,19:15,06:30
8,13:15,13:45
6,14:15,09:15
4,09:30,12:45
4,13:00,13:30
10,14:15,18:30
8,18:45,13:00
149,14:45,18:00
150,20:00,06:30
8,16:15,06:30
8,16:15,06:30
8,16:15,18:30
28,19:00,22:30
28,23:00,23:00
10,10:00,14:15
10,17:45,14:15
8,17:45,09:00
6,10:30,14:00
6,15:30,15:30
8,16:45,14:15
8,17:45,19:30
4,19:45,21:15
4,21:30,23:00
6,16:15,16:15
8,16:00,17:00
4,17:15,18:00
4,18:15,23:00
32,18:45,19:00
1.5,19:00,21:45
1.5,21:57,07:15
310,19:15,07:30
59,20:15,07:30
37,18:45,07:45
35,14:45,15:45
8,16:00,18:15
8,18:30,18:45
4,18:45,21:30
4,21:30,14:30
4,16:00,23:00
156,16:00,18:30
3,19:30,08:30
200,13:45,17:30
17.5,16:30,14:00
3.9,16:45,23:00
3.4,13:30,18:45
5.4,21:15,04:15
5.1,11:00,18:49
3.2,19:30,19:45
1.4,19:00,13:45
7.9,00:15,09:30
47.3,13:00,14:45
7.9,22:30,09:00
7.9,20:01,13:30
5,22:15,09:00
5,10:15,10:45
6.4,11:30,23:00
6,15:00,09:15
6,10:00,23:00
15.5,17:15,17:30
3,17:45,11:30
2,12:32,13:15
30.5,14:15,15:15
26,15:47,10:45
8,17:30,09:30
34,12:30,23:00
20,09:30,20:00
0.4,20:00,22:30
0.4,22:33,15:00
4,17:45,07:30
34.4,17:30,08:45
0.4,08:00,17:30
0.4,17:33,18:30
17.2,19:00,23:45
17.2,00:00,07:30
34.4,17:45,19:00
0.4,20:00,22:15
0.4,22:30,07:30
34.4,12:30,19:45
0.4,19:00,22:30
0.4,22:45,23:00
32,16:30,06:30
32,16:30,06:30
32,12:30,12:30
71,13:45,16:00
71,18:00,06:30
32,16:30,06:30
32,16:30,23:00
46,13:30,14:15
7,20:30,18:15
42,18:00,04:00
46,13:45,14:45
42.5,16:15,04:49
46,13:45,04:49
46,13:00,15:15
0.8,15:30,04:49
46,13:38,23:00
60,16:30,06:30
60,13:30,17:00
6,17:15,19:00
6,19:15,06:30
60,16:30,06:30
60,16:30,17:30
4,17:45,19:00
4,19:15,06:30
60,13:30,08:00
47,10:30,23:00
10,13:30,15:15
10,15:45,17:15
3,17:00,15:15
3,16:47,10:00
3,11:45,23:00
2.6,06:32,14:15
1.7,14:15,14:00
1.7,14:45,15:15
2,16:45,21:30
2.6,06:45,14:45
6.4,16:00,21:30
2.6,06:45,21:30
2.6,06:45,14:00
6,15:15,15:30
27.4,18:15,07:30
2,07:00,09:15
21.5,14:00,08:30
7.2,08:00,13:30
31.2,14:00,17:15
30.2,17:30,23:00
127.1,14:47,19:15
9,19:30,22:15
10,22:30,13:30
54.4,18:30,19:15
30.2,22:47,13:46
28.7,16:00,12:15
30.9,13:46,18:30
62.3,19:30,22:00
63,23:00,23:00
34.4,12:00,20:38
121.2,08:15,11:00
10.8,12:34,10:23
11.6,11:31,08:30
26.7,09:30,13:54
19.5,16:30,08:45
6.5,08:45,10:30
7.1,10:45,23:00
40,14:30,18:30
80,20:00,11:30
20,13:30,20:15
104,13:30,21:30
40,06:30,21:30
40,06:45,23:00
32,11:49,14:30
32,15:00,11:30
2,13:45,14:30
2,15:45,16:00
8,16:30,22:00
8,22:30,10:30
2,11:00,16:30
15,17:00,22:00
15,22:30,23:00
46,17:00,06:30
38,15:45,19:45
4.5,20:00,23:00
4.5,23:15,06:30
38,15:45,10:45
15,11:30,14:30
14,15:30,15:45
3,16:00,19:30
6.5,19:45,20:30
6.5,20:30,09:45
1.5,10:00,12:00
15,12:15,06:30
38,15:00,17:00
6.5,17:15,18:30
6.5,18:45,06:30
38,15:45,23:00
34,17:00,18:00
2.5,18:15,20:30
2.5,20:45,07:30
41,18:45,20:15
14,22:36,07:30
38.4,15:30,15:30
2,15:00,16:00
40,19:00,19:15
6.8,19:30,07:30
34,16:00,17:30
2.4,18:15,07:45
36.7,21:30,23:00
6,07:45,19:00
50,07:15,07:30
6,07:45,09:45
3.6,10:45,10:45
7.2,11:00,13:00
2.4,14:00,19:45
11,20:15,23:00
11,23:30,19:00
50,07:15,07:30
5,17:15,19:00
50,07:15,07:30
6,07:45,23:00
3.5,15:45,19:15
3.5,19:30,05:45
2.6,14:15,18:45
3.7,18:00,19:15
4.5,19:15,21:45
3.9,22:15,23:00
196.4,18:45,06:15
196.4,18:30,07:30
6,07:45,09:45
7.9,13:00,19:00
11,19:30,21:45
11,22:15,12:45
2,13:00,07:15
202.2,19:15,10:45
10,11:15,23:00
20.5,13:30,16:30
33,20:00,13:45
40,18:30,13:00
10,14:15,09:30
70,12:30,18:30
30,19:30,23:00
72,17:15,10:33
72,16:00,17:15
28,20:23,10:30
72,15:49,14:45
8.9,15:30,17:30
32.8,21:54,07:15
4.8,07:30,10:30
73,15:30,18:30
23.3,22:15,23:30
0.3,23:30,23:00
55,07:15,07:30
16,13:00,07:30
16,14:45,15:00
30,19:00,09:00
363,19:45,11:30
7,11:45,23:00
50,17:30,19:15
37,19:45,22:00
37,22:30,07:30
50,17:30,19:00
45,19:45,22:00
45,22:45,07:30
50,17:30,07:30
40,17:15,20:30
10,20:45,11:00
20,12:00,07:30
50,17:30,23:00
19,09:15,13:45
19,14:15,13:30
7.5,13:00,18:45
7.5,19:15,14:30
5.5,14:45,19:30
5.5,19:30,17:00
42,19:15,07:15
48,14:45,23:00
44,16:00,09:30
48,17:45,07:15
45,15:45,06:15
30,13:45,17:30
26,18:30,13:30
31,13:48,17:45
31,18:15,07:46
14,14:15,23:00
5,08:00,09:00
1,09:15,23:00
25.8,15:00,16:15
17.8,16:45,12:45
20.5,14:00,15:00
17,15:23,12:01
31,18:30,09:30
8,10:30,10:33
20,13:15,13:45
13.5,13:45,15:00
13.5,16:30,10:30
12.8,11:15,11:00
23.5,13:15,17:30
13.5,17:00,20:45
13.5,21:15,11:45
24.2,12:48,14:34
15.6,15:01,17:47
17.1,18:33,12:00
14.5,12:30,13:54
18.7,15:15,15:00
2,16:45,23:00
13,15:00,23:00
12,16:30,23:00
5,09:30,07:00
7.5,10:30,08:30
2.7,09:15,23:00
24,14:30,15:15
49.5,16:00,12:00
70,09:45,14:30
63,15:30,08:00
7,13:00,13:30
8,14:30,11:00
16,13:00,18:15
650,10:30,15:30
75,09:30,13:00
25,13:30,17:45
500,22:00,23:00
6.2,17:30,11:15
12.5,13:15,18:30
81,20:45,11:30
32,12:45,08:30
9,14:30,14:45
16,19:15,23:00
84,17:45,23:00
47.6,17:15,17:15
7,17:30,08:15
90,16:15,18:00
3,18:15,19:30
3,19:45,07:45
82.5,14:45,07:15
92,16:00,07:45
24,15:45,17:00
3,17:15,19:30
3,19:45,23:00
20,17:15,12:45
21,17:00,10:00
2,10:45,14:00
10,14:15,17:00
10,17:15,14:00
10,14:15,17:00
10,17:15,15:00
10,15:15,17:00
10,17:15,08:45
11,09:00,11:00
11,11:15,12:45
11.5,13:00,16:45
10,17:00,23:00
44,17:30,07:15
44,17:30,10:00
0.5,10:15,15:00
0.5,15:15,07:15
44,17:30,07:15
44,17:30,07:15
44,17:30,23:00
56,11:00,18:00
20,18:00,23:00
20,23:00,18:00
9,18:15,21:00
9,21:15,09:00
22,09:45,15:00
10,15:15,16:00
10,16:15,09:00
20,09:45,13:45
10,14:00,16:00
10,16:45,19:00
10,19:15,22:00
10,22:15,23:00
30,17:30,06:45
30,17:15,07:30
14.6,08:47,09:30
30,17:32,06:46
30,17:15,06:45
30,12:45,20:47
15,21:15,01:30
15,01:45,10:48
12,11:15,12:45
25.4,13:00,13:45
17.3,14:15,14:15
45.1,14:45,17:00
52.7,17:48,23:00
34,15:15,06:30
34,15:30,12:00
14,12:54,06:33
34,17:15,07:45
28,09:23,13:51
18,14:15,16:31
18,16:49,10:46
54.5,20:15,23:00
35.1,16:30,17:15
17,17:30,06:45
46,17:00,18:30
10,18:45,20:30
10,20:45,06:45
48,16:38,06:45
48,16:37,18:31
10,18:45,20:45
2,20:45,06:45
48,12:45,20:15
7.5,20:30,23:30
7.5,23:37,11:30
7.4,11:00,19:45
10.5,19:57,00:15
10.5,00:30,23:00
7,16:38,07:15
7,16:38,08:30
19,16:23,07:15
7,16:37,07:15
7,15:30,15:47
7.6,18:15,23:00
17,10:15,19:00
35,19:45,01:00
35,01:30,10:00
13,12:30,10:30
17,13:15,16:00
18,17:15,23:00
32,21:00,10:00
32,09:30,15:00
26,16:30,15:00
16,15:30,23:00
72,14:45,17:15
7,17:00,05:15
72,14:57,05:15
72,15:15,05:30
72,14:45,16:15
18,17:15,05:30
72,14:47,11:30
11,12:45,18:30
21,19:30,22:30
22,22:00,23:00
7.5,11:30,14:00
3.9,15:30,15:15
17,15:00,16:00
3.6,17:15,15:15
7,15:30,16:00
11,17:15,23:00
4.7,08:15,10:30
6.4,10:00,13:45
13.2,19:11,08:30
2.6,08:38,11:33
2.6,11:45,04:30
82,15:15,20:39
13.2,21:30,03:45
82,14:33,14:00
34.9,16:00,04:15
82,15:15,17:30
6.6,17:32,18:15
6.6,18:30,04:30
82,14:45,15:51
6.6,16:15,18:36
6.6,18:45,18:00
5,19:30,04:23
82,14:00,15:45
8.6,18:15,23:00
9.4,12:15,18:31
6.6,21:30,07:45
26.7,11:45,15:45
3.6,16:15,16:45
3.6,16:57,07:00
43.5,14:30,17:15
4,17:39,09:45
28.6,20:15,11:48
11.9,12:30,14:45
36,16:11,17:15
14.1,12:30,15:45
8.1,18:15,23:00
2.2,14:30,19:45
50,20:45,23:00
50,23:45,05:47
2.2,14:45,21:00
82.2,14:30,19:30
45,21:30,11:45
3,12:00,13:30
3,13:45,12:47
66,16:45,12:30
201,15:15,23:00
92,15:45,16:00
20,16:30,18:00
20,18:30,06:30
68,18:45,20:00
10,20:15,21:45
10,22:00,06:30
68,13:00,17:00
210,12:30,07:45
15,08:45,09:30
50,19:15,23:00
2,19:15,21:15
2,21:30,19:00
2,19:15,21:00
2,21:15,23:45
70,16:00,07:45
69,16:00,23:00
6,16:45,07:00
16,18:30,07:00
6,16:15,07:00
33,19:30,07:00
6,16:45,17:30
36,23:30,12:00
5,12:30,17:00
5,17:30,23:00
22,18:45,19:45
3.9,19:46,22:45
3.9,22:45,16:30
19.2,16:00,19:30
19.2,20:00,14:00
24.7,18:30,23:00
21.8,14:45,16:00
22.2,17:00,07:15
21.8,14:45,16:00
0.8,17:15,07:15
21.8,14:45,07:15
21.8,12:30,14:45
22,15:30,15:45
4,16:30,09:15
28,12:30,22:30
3.9,22:45,15:15
9.8,15:37,17:15
23.6,19:45,22:15
5.9,11:15,16:30
19.9,17:30,19:45
21,20:15,23:00
118.6,17:15,18:00
13,20:15,06:00
96.6,16:00,05:00
116.6,16:45,18:00
4.2,19:15,16:15
35,16:45,21:00
35,21:30,21:45
6,22:15,06:15
112.6,13:45,13:00
5,14:30,17:30
6,19:38,06:00
98.6,17:15,23:00
4,10:45,17:45
4,21:45,14:00
12,16:15,08:15
8,08:45,23:00
122,19:30,07:15
122,19:30,10:30
21,12:15,07:00
122,19:15,07:00
122,19:30,23:00
52,16:30,06:00
52,16:30,06:00
52,17:00,06:00
52,17:30,06:00
52,12:30,10:00
18,11:15,23:00
195,17:15,13:30
4,16:15,08:11
10,09:15,09:30
3,11:45,17:15
4,18:15,23:00
190,17:30,07:34
28,13:00,13:30
1,13:45,17:15
1,17:30,08:00
34,12:30,15:00
1,15:15,20:30
1,20:45,23:00
13,11:30,10:00
12,12:30,10:00
70,14:30,11:00
32,13:45,14:00
124,22:30,23:00
46,18:30,07:30
46,18:30,07:30
46,17:45,18:00
5,19:00,20:30
5,20:45,07:30
46,16:45,17:00
8,18:00,14:30
49,16:00,18:45
45,19:30,23:00
120,18:45,07:00
120,17:30,07:00
120,19:00,07:15
120,19:01,07:15
120,16:30,23:00
30,06:45,21:30
30,06:33,14:00
7,16:30,21:30
30,06:45,19:15
3,19:45,21:30
30,06:45,19:30
2,19:30,21:00
2,21:15,21:30
30,06:30,23:00
7,14:15,23:00
16,12:45,12:00
5,12:15,15:45
5,15:00,12:15
64,17:45,09:30
60,11:30,11:45
26,14:00,15:30
60,17:00,09:30
22,10:00,11:45
20,13:30,13:45
2,13:00,16:00
2,17:00,23:00
40,09:00,22:00
40,22:00,07:30
22,09:23,13:15
28,15:45,14:00
32,15:00,22:45
32,23:38,08:15
0.1,08:15,11:45
0.1,11:47,08:15
53,12:15,06:00
9,06:15,11:45
9,12:15,23:00
6,12:45,14:00
24,15:45,09:45
24,12:30,12:45
7,14:30,15:45
15,16:15,17:30
2,17:30,20:30
18,21:30,09:30
2.5,09:00,23:00
5.7,10:34,14:45
5.1,15:31,16:00
3.7,17:00,09:00
4.4,11:30,09:45
3.1,10:51,16:45
2,17:30,10:31
7.8,11:45,13:30
1.7,13:54,14:45
5.7,15:01,19:30
5.6,19:38,07:00
1.6,08:30,09:30
4.3,10:00,10:15
16,11:39,14:32
23,14:00,17:30
23,18:15,23:00
6,11:45,15:30
3,17:30,18:45
3,19:00,21:45
3,22:00,15:30
2.5,15:45,17:30
2.5,17:45,09:00
8.5,11:30,14:30
2,14:45,15:30
1,15:45,18:00
1.5,18:15,15:00
8.5,12:15,18:45
2,18:45,21:30
2,21:45,23:00
1.1,09:15,10:45
1.1,10:45,23:00
38,16:00,17:15
8,17:45,20:15
8,20:45,06:15
32,15:30,08:00
4.5,08:15,09:30
4.5,09:45,10:15
8,10:30,12:15
8,12:30,06:15
37,16:30,06:15
37,16:30,06:15
32,16:30,17:30
6,17:45,19:30
6,19:45,23:00
80,17:00,08:00
40,15:00,19:30
50,20:30,08:30
449,18:15,08:15
42,17:15,07:00
181,17:15,09:30
27,12:15,13:15
21,16:11,23:00
2,09:45,08:15
12,09:15,09:00
2,10:30,15:15
4,16:15,11:00
2,11:45,23:00
12,17:30,06:30
12,16:30,17:00
6,18:15,06:30
81,19:30,06:32
18,17:30,15:00
11,15:30,17:15
11,17:31,17:00
48,18:00,23:00
72,14:45,23:00
64.2,13:30,09:45
60.2,11:34,10:00
133.4,12:30,14:00
6,14:30,13:15
50,14:45,15:45
1.2,16:00,15:00
46.9,16:45,23:00
8,10:00,08:30
10,10:00,09:00
14,11:00,09:00
17,14:00,23:00
65.4,15:45,17:15
6,18:30,08:15
6,08:45,14:45
4.6,15:15,16:00
4,16:15,18:00
2,19:15,09:00
6.5,10:00,23:00
17,11:45,16:15
17,17:30,10:45
70,11:00,14:30
53,15:00,17:45
122,19:30,13:45
10,15:15,16:36
11,16:00,18:30
11,18:46,23:00
24,15:45,15:30
20,17:30,14:00
30,17:00,19:30
10,21:15,10:15
6,11:45,07:00
16,15:00,23:00
23.5,17:15,18:30
8,18:00,19:00
5,20:00,08:30
5,09:15,10:30
14,11:45,13:00
8,13:30,16:30
8,16:00,10:00
8,10:30,13:00
8,13:30,15:30
8,16:00,17:00
8,17:30,09:00
9,20:45,11:00
35,17:30,19:00
2,19:30,19:30
2,19:45,09:00
16,12:15,14:00
9,17:30,18:30
8,18:45,09:00
9,13:15,15:00
9,17:30,18:00
3,19:15,23:00
20.8,19:00,08:00
20.8,18:15,18:37
142,18:23,07:45
22.2,18:45,08:01
23.8,18:15,07:45
22.2,20:01,23:00
23,09:30,12:30
4,13:15,08:00
53,12:00,08:00
1.4,09:15,10:30
47.5,13:30,16:45
160,13:15,13:30
40,14:45,23:00
2.6,14:45,17:45
16,22:15,09:45
14,11:15,13:00
71,14:15,20:00
71,21:15,11:00
50,12:30,17:00
50,18:30,23:00
30,18:15,12:00
30,17:00,23:00
5,12:15,16:15
2.5,16:30,16:45
2.5,16:00,11:30
5,12:15,15:45
2.5,15:00,16:30
2.5,16:30,11:30
5,12:15,16:15
5,16:00,11:00
10,15:30,10:00
4.5,10:15,12:15
4.5,12:30,16:15
1.5,16:15,16:30
1.5,16:30,11:30
2.5,11:45,12:30
2.5,12:30,16:00
1,16:15,16:30
1,16:32,12:00
5,12:15,16:30
5,16:47,23:00
23,11:15,04:30
20,10:45,04:30
20.1,11:45,04:30
22,12:15,04:30
21,11:45,23:00
6,14:15,17:15
60,08:45,17:15
60,18:45,15:00
12,18:30,15:00
8,17:45,23:00
100,00:15,13:30
100,00:15,13:30
100,00:30,10:00
40,11:00,16:00
40,16:45,13:30
100,00:15,13:15
100,00:15,13:30
100,23:00,23:00
12,20:15,15:45
1.2,15:46,16:00
45,16:00,21:34
45,22:30,17:15
42,17:45,19:15
42,19:45,08:45
12,16:32,11:30
25,11:45,13:45
25,13:00,23:00
8,16:51,14:32
11.5,14:00,17:15
11.5,17:45,05:46
9,13:00,09:15
1.4,09:15,12:15
1.4,12:30,17:30
7.5,17:34,18:45
9.3,19:00,23:00
50,13:30,07:15
50,13:30,16:00
3,16:15,18:00
0.5,18:00,19:15
3,19:30,19:30
2,19:47,07:15
145,04:15,11:45
4,11:57,13:00
3,13:00,09:00
50,13:45,07:00
50,17:15,17:30
55,14:30,23:00
94,17:15,17:30
29,18:30,18:30
8,18:00,06:00
94,17:30,21:00
2,21:15,11:45
1,11:47,12:45
16,13:00,15:00
18,16:30,17:00
2,17:15,18:00
1,18:00,22:30
1,22:32,11:45
3,11:48,13:30
4,13:33,13:45
1,13:47,06:45
94,16:00,16:45
3,17:15,17:45
0.5,17:00,20:15
3,20:15,06:30
94,17:15,06:00
94,17:30,19:30
17,19:45,21:30
17,21:00,23:00
7,09:30,15:45
8,17:30,15:15
10,16:45,18:15
40.1,21:30,14:15
5.5,16:30,18:45
4.5,19:15,22:15
4.5,22:30,15:45
7.5,17:00,09:45
2,09:45,10:00
4,11:00,12:15
4,12:45,14:45
2,14:00,15:30
2,15:45,17:00
2,17:15,10:15
4,10:00,13:00
10,14:00,10:30
6,11:45,07:15
4,12:30,13:30
156,19:30,12:30
2.1,09:37,10:00
2.1,10:15,06:32
50.6,16:32,06:30
50.6,16:45,06:30
48.6,17:00,06:32
50.6,16:32,06:45
50.6,16:34,17:30
4,18:15,08:00
4.4,09:30,23:00
4.5,10:15,11:30
4.5,11:45,17:30
42,18:00,13:45
7,13:00,15:30
11.5,16:45,10:45
4.5,10:45,11:30
4.5,11:45,12:00
42,13:30,12:45
17.6,13:15,14:30
17.6,14:00,13:45
7.2,14:45,15:30
4.5,15:45,14:15
5.1,14:32,15:32
5.1,15:00,23:00
15,06:30,13:00
6,14:45,07:30
6,07:00,07:30
8,08:00,07:30
6,07:00,12:30
30,22:30,07:30
6,07:00,23:00
11,14:45,05:00
6,12:45,15:15
5.5,15:30,18:00
5.5,18:30,14:45
9,17:00,17:45
3,18:00,14:00
3,15:00,15:15
3,15:30,14:30
6,15:45,16:45
6.5,17:00,18:15
3,18:30,23:00
3.1,21:30,22:00
1.3,22:15,11:00
4.5,12:30,13:30
4.7,14:30,15:30
297,19:15,20:00
3,10:45,09:15
4,10:15,08:15
59.7,15:45,10:15
56,13:15,23:00
7,09:30,10:15
8,10:45,09:30
7.7,11:15,11:15
10,11:37,23:00
11,16:00,06:00
14,16:30,06:45
14,16:30,06:00
8,16:30,14:30
23,15:30,18:15
23,19:30,23:00
14,13:45,14:15
4,14:30,07:15
12,13:57,07:15
8,13:00,07:15
14,12:00,07:15
47,16:15,23:00
20,09:15,09:15
25,17:15,06:45
14,15:00,16:30
86,17:34,20:30
86,21:30,06:45
14,16:00,17:00
4,18:00,19:00
4,19:15,06:48
14,16:00,08:45
34,12:30,17:00
12,18:15,23:00
14,16:30,18:30
14,18:45,07:45
92,20:15,11:00
56,18:45,19:00
2,19:15,20:30
2,20:45,12:45
56,19:15,12:30
38,17:30,07:45
26,16:45,23:00
20,13:15,18:00
20,18:30,06:15
84,16:00,06:15
84,15:00,17:30
6,17:30,18:45
2,18:45,20:45
5,20:45,06:15
84,16:15,18:30
7.5,18:00,21:00
7,21:15,06:15
84,15:45,06:15
91,15:37,16:45
7,16:45,23:00
44,17:11,09:30
45,19:00,10:30
44,18:00,10:45
44,18:15,05:31
44,16:00,23:00
15,19:15,08:30
28.2,21:30,08:00
51.6,19:15,08:45
28.8,18:00,10:30
12,12:00,09:30
7,19:46,23:00
28.8,16:15,09:30
8.4,13:15,14:30
8.4,18:15,09:30
28,18:30,07:45
4.8,09:30,09:30
8.4,13:15,14:45
8.4,18:15,13:30
28,16:30,09:30
8.4,13:15,14:30
28,16:45,23:00
96.8,17:47,18:15
8.1,18:30,19:00
8.3,19:15,06:36
91.4,17:15,06:32
114.1,18:30,06:31
97.5,15:15,21:45
13.5,21:00,06:45
93.6,17:15,23:00
430,18:30,09:00
15,09:15,11:00
15,11:15,14:30
6,15:15,09:00
4,09:15,23:00
4,23:15,23:30
15,23:45,00:01
15,00:30,14:00
2,14:15,20:00
2.6,17:00,20:15
2.6,20:30,07:48
6.8,08:11,09:45
2.6,10:30,10:30
2,10:34,12:11
101.8,17:30,23:00
4,08:34,18:48
1.2,18:00,20:15
1.2,20:30,23:00
16,12:45,13:00
7,13:15,15:45
7,15:45,13:15
7,13:45,10:15
7,11:30,23:00
37.1,17:15,06:30
37.1,17:30,06:30
39,17:45,06:30
42,07:00,08:30
35,18:00,13:00
27,14:00,18:00
27,18:45,23:00
33,18:45,23:00
96,14:00,16:15
96,18:45,05:30
36,16:15,16:30
74,18:45,05:30
36,16:30,05:30
36,16:30,05:30
36,16:30,09:00
70,15:15,23:00
27,15:30,16:00
30,17:30,05:30
27,15:30,16:00
5,17:15,15:00
25,15:45,17:15
25,18:00,05:30
27,15:30,15:45
30,17:00,05:30
27,15:30,05:30
27,15:30,15:30
30,17:00,23:00
31,14:45,05:00
31,14:45,15:45
4,15:00,05:00
31,14:45,16:45
30,18:00,05:00
31,14:45,05:00
31,14:45,23:00
87,09:30,11:45
14,12:00,09:15
6,09:30,18:15
76,20:00,09:15
6,09:30,07:15
8,07:30,16:30
8,16:32,23:00
73,10:45,11:30
6,11:33,11:30
6,11:34,07:00
14,09:00,23:00
252,13:15,14:00
4,15:00,23:00
94,15:45,13:30
22,15:45,04:30
286,18:15,09:30
18.7,11:30,23:00
1,15:15,23:00
30,10:00,11:45
3,11:46,16:15
3,16:30,08:46
6,10:30,10:33
30,13:15,23:00
20.5,18:00,08:45
1.5,08:45,09:00
2,10:00,10:15
4,11:45,14:30
0.8,14:30,14:45
79,13:45,08:45
5.2,10:36,11:30
7,12:11,14:30
90,17:00,10:30
11,11:30,14:15
7.5,14:39,15:45
233,08:00,10:15
3,10:45,10:45
14,11:30,23:00
85,10:00,17:30
85,18:30,09:00
12,10:00,11:00
21,13:15,23:00
12,17:15,10:15
68,16:00,09:45
10,10:45,17:45
6,18:45,10:30
20,12:15,23:00
6.5,18:00,11:30
1,11:36,14:15
19,15:15,16:00
93,12:45,13:15
37,14:30,11:00
10,11:45,15:30
11,16:00,23:00
9.5,09:00,12:00
10,13:45,09:15
8,09:45,18:45
2,18:00,14:30
10,14:00,09:45
12,10:45,13:15
12,13:45,23:00
156,10:30,17:00
156,19:30,23:00
14,17:30,07:00
159,17:48,07:15
32,16:38,18:45
28,19:30,07:15
14,18:00,07:00
14,18:45,23:00
10,09:45,10:00
25,11:15,14:15
84,16:15,09:30
5,09:45,11:15
5,11:30,08:45
10.5,09:31,10:15
40,11:11,14:15
10.5,14:45,23:00
11,14:15,06:30
64,17:00,06:30
64,16:45,06:45
64,17:30,06:30
65,16:45,06:45
71,17:30,15:00
146,16:30,22:15
146,23:45,23:00
70,11:15,13:15
10,13:30,07:30
38,09:00,09:30
11,10:15,14:30
2,14:45,17:15
2,17:30,08:45
17,10:38,23:00
25,18:00,08:30
30,12:30,23:00
16,11:00,12:00
19,15:30,10:45
0.8,11:00,12:00
0.8,12:15,14:45
1.6,16:30,10:00
38,12:30,15:30
32.8,17:30,10:30
16,11:00,12:00
19,15:00,17:00
6,18:00,19:00
6,20:00,23:00
36,12:30,23:00
15.4,15:00,07:00
23,14:00,07:15
15.4,15:00,07:30
18.4,17:15,07:00
16.8,14:00,23:00
35.7,17:30,07:30
35.7,17:30,07:30
35.7,17:30,07:31
35.7,17:30,07:15
33.4,17:30,18:15
4.4,20:15,23:00
68,20:15,10:30
22,13:15,10:30
32,18:30,09:00
32,17:30,08:00
44,17:30,10:45
23,14:45,07:00
68,09:30,13:45
68,15:30,23:00
5,15:00,18:45
5.5,19:15,10:15
10.5,13:45,19:30
5,19:38,21:30
5,21:33,19:00
4.8,20:15,22:15
3.1,22:15,14:15
10,15:30,15:32
7,16:00,14:45
3.5,14:45,23:00
30,11:30,10:15
6,11:15,15:15
10,16:15,08:45
16,10:01,13:45
3.7,14:15,15:00
3.7,16:00,23:00
10,09:31,08:45
6,09:00,08:00
7.5,10:15,13:45
26,15:45,08:30
6,09:23,10:15
6,11:15,23:00
9,10:45,09:30
8,10:45,15:15
1,15:45,10:00
2.5,11:30,23:00
10.5,16:00,18:30
9.5,18:45,07:15
20,17:00,07:15
20,16:45,07:00
20,17:15,07:15
20,14:15,15:15
14,08:45,23:00
20,11:45,16:00
10,16:15,18:30
10,18:45,08:15
20,09:45,16:30
20,16:45,21:30
20,21:00,23:00
6,16:45,08:15
71.5,09:30,13:30
71.5,14:15,16:15
12,17:00,09:30
2.8,13:15,14:30
4,14:45,23:00
36,22:00,09:30
37,11:38,10:00
33,10:38,12:47
33,13:30,10:45
14.5,11:15,11:00
14.5,12:15,09:57
30,12:30,23:00
30,12:49,01:11
30,12:00,01:11
30,11:45,02:15
30,14:30,01:15
30,12:30,01:11
30,12:30,13:30
43,15:45,23:00
2,10:00,15:30
8,17:00,08:00
10,09:30,10:00
3,10:15,19:00
60,20:00,23:00
21.1,19:30,20:15
0.5,20:15,22:00
0.8,23:00,09:15
92.2,18:30,18:00
13.6,21:00,13:30
12,14:15,20:30
3,20:38,21:51
2.6,22:15,23:00
22.5,16:15,07:15
5,13:00,07:15
5.7,15:00,16:00
1.8,16:15,07:15
7,14:15,08:15
2.6,09:00,07:15
16.3,16:00,23:00
17,15:15,05:15
17,14:45,05:15
19.2,15:15,05:15
17,15:00,13:15
19,14:15,10:45
4,11:15,05:15
17,15:15,23:00
10,16:00,05:00
10,16:15,05:00
10,16:00,06:00
10,15:30,05:45
10,14:00,09:00
12,11:00,13:00
30,14:00,18:00
30,19:00,23:00
154,12:30,16:00
14,17:30,07:00
190,18:00,07:30
197,16:30,07:00
433,19:30,06:00
540,18:15,07:00
8,08:15,13:45
2,13:45,16:15
2,16:30,23:00
4,08:45,08:30
28,17:34,08:15
29,17:30,19:15
2.5,19:30,08:45
28,19:30,07:45
28,13:45,10:15
81,11:30,10:00
81,11:45,23:00
125,16:15,05:00
80,15:45,05:30
54,15:15,05:30
200,19:00,08:30
50,10:30,23:00
96,15:15,04:30
96,15:15,16:00
10,17:15,04:30
96,15:15,04:30
96,15:15,23:00
130,18:00,05:45
130,18:00,06:00
220,18:30,05:00
800,15:00,06:00
12.2,15:15,20:15
10.2,20:34,07:32
19,17:30,07:30
19,15:37,07:45
11,15:15,16:15
10,16:45,08:00
4,10:15,12:30
10.2,12:45,15:45
10.2,16:15,23:00
7,09:45,11:00
15,11:30,13:30
15,13:45,09:45
7,10:45,15:45
4,15:45,17:15
4,17:15,09:15
7,09:45,10:00
9.5,10:15,12:00
9.5,12:15,15:00
3.5,15:45,17:15
3.5,17:30,12:30
9,12:45,14:15
9,14:30,23:00
178,19:45,19:15
2,19:15,20:45
4,20:45,15:45
1.5,15:45,16:30
4,17:45,06:45
2.6,06:00,15:30
15.3,16:45,08:00
10.5,10:15,23:00
7,18:30,16:15
7,16:32,15:45
7,16:30,17:15
7,17:47,06:15
3,06:30,16:15
6,16:36,19:15
6,20:15,06:15
2.6,21:15,06:15
1.5,06:30,18:30
1.1,18:33,06:15
4,18:15,20:00
3,20:30,06:15
1.5,06:30,15:45
7,16:30,16:36
6.4,16:15,23:00
35,15:31,07:45
40,15:30,07:15
25.5,12:30,07:15
8.5,16:45,07:45
53,15:45,17:15
10,17:45,07:37
58,13:00,23:00
20,16:45,07:30
20,16:45,07:30
20,17:15,11:00
16,11:45,11:45
20,20:30,11:15
16,11:45,11:00
20,21:30,08:45
1,09:00,17:00
4,17:00,23:00
34,19:45,14:45
19,17:45,15:00
19,18:30,08:45
16,09:15,09:15
33.5,19:45,08:45
33,19:30,14:30
19.5,17:30,08:30
34,19:45,23:00
6,10:45,13:45
56,14:45,19:30
56,20:00,07:45
6,08:30,16:00
30,18:15,09:15
4,09:45,11:15
87,12:30,15:45
87,16:45,12:00
6,12:30,15:00
50,17:00,13:00
6,14:45,07:00
8,16:45,12:00
16,12:00,14:15
30,15:45,23:00
6,07:30,05:15
16,15:30,05:15
16,15:30,05:15
16,15:00,16:00
8,17:15,05:30
16,15:15,05:15
16,15:30,17:00
6,17:45,23:00
7.5,14:45,07:30
10,08:30,14:15
13,15:15,07:45
14,08:45,07:30
14,08:30,07:30
7,09:00,11:30
14,12:15,12:45
6,13:30,17:15
8,17:45,07:15
16,08:45,07:15
6,08:15,23:00
90,12:00,10:00
100,11:30,15:00
100,16:30,19:00
4,19:15,22:30
4,22:45,23:00
20,17:45,10:00
8,10:30,12:30
78,19:45,07:30
20,19:45,07:30
20,17:00,18:15
12,20:15,07:30
22,18:15,07:30
28,17:45,23:00
14,12:15,16:15
14,16:00,07:15
16,17:15,07:15
17,16:15,17:00
14,19:45,07:15
12,12:00,13:30
17,19:00,23:00
13,19:15,17:45
15.2,18:30,11:45
24.1,16:30,06:00
65.9,16:45,06:00
15.4,16:57,23:00
5.8,15:15,11:00
45,11:45,13:45
45,14:30,14:45
2.5,15:15,16:15
3.6,16:23,13:45
25.6,14:48,14:45
11.2,16:15,11:00
9.3,12:30,23:00
9.5,18:15,10:45
10.8,12:30,19:30
6.6,19:47,21:00
6.6,22:15,11:45
4.6,12:30,10:00
9.2,11:45,17:30
9.1,18:45,16:30
5.5,16:45,18:00
5.5,18:15,17:30
36,19:00,17:00
11.5,18:47,20:15
9,20:45,23:00
3.5,15:00,16:15
1.5,16:15,14:00
6,14:00,15:30
2,15:38,07:15
1,07:30,16:45
1.6,17:34,11:30
5,11:36,23:00
2.5,13:47,15:30
1.5,13:37,15:30
5.5,13:15,13:30
2,13:30,14:30
2,14:30,15:30
6.5,16:45,15:45
0.5,15:45,06:45
1.5,12:45,14:45
0.5,14:45,16:45
1,16:00,09:15
30,09:45,11:00
5,12:15,14:15
35,15:00,09:45
5,09:00,23:00
83,11:00,12:00
5.5,12:00,14:30
14,14:45,17:15
70,18:15,17:45
50,18:45,22:15
50,23:15,18:45
12,19:30,14:00
90,14:45,20:45
76,22:15,14:30
58,17:45,23:00
6,11:00,08:45
35,13:15,11:30
8,13:45,23:00
6,11:45,10:30
40,14:00,14:00
6,14:00,10:00
6,10:30,23:00
43.5,09:30,23:00
11.5,19:00,22:00
11.5,22:30,15:15
34,16:30,15:15
34,16:30,10:00
34,12:15,23:00
30,17:30,07:45
30,18:00,07:45
30,17:30,07:45
30,16:30,23:00
1,20:15,23:00
72,19:00,16:00
21,18:45,14:30
50,17:45,06:30
56,17:00,17:30
35,21:00,06:30
113,19:00,06:45
45,15:00,17:00
5,17:15,07:15
72,19:00,23:00
90,17:30,08:00
90,17:30,08:30
14,16:15,08:30
14,11:15,16:15
14,17:30,23:00
95,18:45,08:00
1252,18:00,08:00
90,17:30,17:45
60,19:00,08:00
90,17:30,11:00
20,11:30,14:30
20,15:00,08:00
140,23:15,23:00
72,17:15,09:30
72,17:30,08:00
74,17:15,08:30
52,13:15,13:30
5,14:15,11:00
7,14:15,09:30
72,17:15,18:00
6,19:15,09:30
72,17:00,18:00
4,20:45,23:00
1.5,12:15,13:00
1.5,13:15,13:15
2,13:30,15:00
35,15:30,18:15
35,18:45,07:30
11.5,23:30,07:30
32,17:15,20:00
4,20:15,21:15
7,21:30,07:15
34,09:15,09:15
29.8,18:45,07:15
4.3,07:45,08:30
33,18:45,07:15
28.1,17:00,19:15
3,19:45,07:15
28.1,16:00,08:00
5,09:15,10:00
5,10:30,23:00
2.2,18:30,07:38
36.1,17:15,10:00
26.5,15:00,16:45
10,17:23,07:15
3.7,07:46,14:38
10.2,15:15,15:45
23.3,17:15,10:48
4.4,11:15,14:45
6.5,15:30,15:30
3,16:01,23:00
4,09:30,11:00
4,11:15,14:45
4,15:00,18:00
4,18:15,08:45
25,12:15,10:15
6,11:30,23:00
49,23:45,10:00
16,12:30,14:15
12,14:45,18:15
12,18:45,13:30
49,18:45,13:00
49,16:51,17:30
31,20:45,23:00
40,17:45,05:00
86,17:00,05:45
86,15:45,16:15
16,17:30,23:00
32,16:45,06:45
32,16:00,06:30
138,16:45,06:45
32,16:30,13:15
6,14:30,06:45
32,16:45,23:00
32,18:45,09:30
18,18:15,19:45
15,20:15,09:15
32,18:32,09:15
32,18:36,19:15
28,22:15,05:45
32,12:32,05:45
18,15:30,17:15
16,17:45,23:00
196.7,18:30,04:45
5.5,09:45,10:30
8.5,11:30,14:30
28,16:15,07:15
4.5,13:30,14:00
0.5,14:45,18:30
75,19:45,22:15
75,23:30,09:30
3,09:45,10:15
3,10:30,10:30
8,11:00,10:00
10,10:45,14:45
28,15:45,07:30
4,11:30,13:00
4,15:30,23:00
10,11:30,13:00
8,14:15,23:00
5.3,16:45,05:45
4.1,16:15,05:45
3.6,19:15,08:45
23,09:00,10:30
23,10:00,05:45
7.4,16:45,13:00
36,15:45,16:00
36,19:00,23:00
10,14:30,10:00
2,10:15,14:00
2,14:15,13:00
2,13:15,16:00
2,16:15,13:00
2,13:15,14:45
2,14:45,08:00
4,09:15,13:00
20,14:00,20:00
10,20:30,00:30
10,01:00,14:00
4,16:15,22:15
9,23:30,23:00
35,13:30,23:00
112,17:15,07:31
74,19:00,05:45
74,13:00,16:00
5,16:15,22:30
5,22:30,05:30
126,17:15,18:00
3,19:30,06:45
74,19:15,NA NA:NA
